,business_status,formatted_address,geometry,icon,id,name,opening_hours,photos,place_id,plus_code,rating,reference,types,user_ratings_total,permanently_closed,tag
0,OPERATIONAL,"Vasanth Nagar, Bengaluru, Karnataka 560052, India","{'location': {'lat': 12.998766, 'lng': 77.59210709999999}, 'viewport': {'northeast': {'lat': 13.00001212989272, 'lng': 77.59356292989271}, 'southwest': {'lat': 12.99731247010728, 'lng': 77.59086327010726}}}",https://maps.gstatic.com/mapfiles/place_api/icons/museum-71.png,b77167e5d3bc242297e8038b9db627a22d035464,Bangalore Palace,{'open_now': False},"[{'height': 1836, 'html_attributions': ['<a href=""https://maps.google.com/maps/contrib/105232009685398413052"">Chiefjoash</a>'], 'photo_reference': 'CmRaAAAAVxd14QRA4JrKlFTo1iKQVzHogxepKMV4zDJyFFTMSY46inurzOei71tMKH7dtJMRdJoUICGZcU1kLuTJhWkcoZW76GnIwWrc58RLn9PBpKQM9NzHuN-jmlG8aTCDtSHiEhCAKO8zRTLtsmDaq0fOfit3GhSdstMGyL0HS1uNe8VSt30bi4htrQ', 'width': 3264}]",ChIJN1ZKKUkWrjsRzxIVM363-LE,"{'compound_code': 'XHXR+GR Vasanth Nagar, Bengaluru, Karnataka', 'global_code': '7J4VXHXR+GR'}",4.2,ChIJN1ZKKUkWrjsRzxIVM363-LE,"['tourist_attraction', 'museum', 'point_of_interest', 'establishment']",62158.0,,tourist_attraction
1,OPERATIONAL,"Kasturba Road, Behind High Court of Karnataka Ambedkar Veedhi, Sampangi Rama Nagara, Bengaluru, Karnataka 560001, India","{'location': {'lat': 12.9763602, 'lng': 77.59290949999999}, 'viewport': {'northeast': {'lat': 12.98613275, 'lng': 77.6029375}, 'southwest': {'lat': 12.96207495, 'lng': 77.5840215}}}",https://maps.gstatic.com/mapfiles/place_api/icons/generic_recreational-71.png,f334fb17a44b740132f72d59a7d90ab9a81300ac,Cubbon Park,{'open_now': False},"[{'height': 3496, 'html_attributions': ['<a href=""https://maps.google.com/maps/contrib/101995659345065386881"">Neo</a>'], 'photo_reference': 'CmRaAAAA1Eom5DF4qJHeoU71mIX6ErvJ6F6UCBTIY0zbWz4L1EsJaMR3c5twD9Jkzk83c4IFXUFzHyM_PLaJ5JdwXVp0a0HFEEYS_HpsJ9xzz27RosbfKvdLpi05QTK9J1kzCiQHEhDwZeHdStfRgOvl57vKPqRQGhQQHK1bs6loz-1nF1dYBF440Qe4cg', 'width': 4656}]",ChIJL2fQ53MWrjsRuN9D6aalLMY,"{'compound_code': 'XHGV+G5 Bengaluru, Karnataka', 'global_code': '7J4VXHGV+G5'}",4.4,ChIJL2fQ53MWrjsRuN9D6aalLMY,"['park', 'tourist_attraction', 'point_of_interest', 'establishment']",90465.0,,tourist_attraction
2,OPERATIONAL,"Tavarekere, Uttarahalli Hobli, Bengaluru, Karnataka 562130, India","{'location': {'lat': 12.9093703, 'lng': 77.3958402}, 'viewport': {'northeast': {'lat': 12.91080302989272, 'lng': 77.39743702989273}, 'southwest': {'lat': 12.90810337010728, 'lng': 77.39473737010728}}}",https://maps.gstatic.com/mapfiles/place_api/icons/generic_business-71.png,9d436be2b91c9778cb866224d8bed70afe1733fb,Dodda Aalada Mara,{'open_now': False},"[{'height': 4032, 'html_attributions': ['<a href=""https://maps.google.com/maps/contrib/116803673563157205790"">Suraj Suresh</a>'], 'photo_reference': 'CmRaAAAA5RWMkZq9eai-kK8EcSTEO6xhwEQ7J0kcDtbnK10p6JZBx8RZP7zod7gdOQfN3hdwCzE26OoTA_exl-Abxlemr7lVT00ZH8KaV6wmp3bl23aqbEEtfmdj5V0Uaz6ClZe-EhBnSeehx4H3KDI4Xhc35UptGhSqnq0BAOhMm4v423xv7DKiuoGC1Q', 'width': 3024}]",ChIJRzdYfjQ4rjsRc9kA7UZXzZk,"{'compound_code': 'W95W+P8 Uttarahalli Hobli, Bengaluru, Karnataka', 'global_code': '7J4VW95W+P8'}",4.0,ChIJRzdYfjQ4rjsRc9kA7UZXzZk,"['tourist_attraction', 'point_of_interest', 'establishment']",9570.0,,tourist_attraction
3,,"Bengaluru, Karnataka, India","{'location': {'lat': 12.9715987, 'lng': 77.5945627}, 'viewport': {'northeast': {'lat': 13.173706, 'lng': 77.8826809}, 'southwest': {'lat': 12.7342888, 'lng': 77.3791981}}}",https://maps.gstatic.com/mapfiles/place_api/icons/geocode-71.png,0862832923832bfb1e46cbe843cdaa03a9ee8aa1,Bengaluru,,"[{'height': 450, 'html_attributions': ['<a href=""https://maps.google.com/maps/contrib/100923482555300293907"">A Google User</a>'], 'photo_reference': 'CmRaAAAABlZXOcCToCFr8VOMQaUtI7TkdoHYnGmDM3rqzjDAtR92U9BYiarTsIMtzB1hyW_93FwyNWARxy1XSLTwSsV6VrmNK8xmVCvdvRS6-doGPIwJIY-uHutjU8pCstjPf-OdEhDUOUT0ie5U7EkLi_G2NyE5GhQSbRhatMuJEL-YMH6uDkRzBnctUQ', 'width': 660}]",ChIJbU60yXAWrjsR4E9-UejD3_g,,,ChIJbU60yXAWrjsR4E9-UejD3_g,"['locality', 'political']",,,tourist_attraction
4,CLOSED_TEMPORARILY,"Mavalli, Bengaluru, Karnataka 560004, India","{'location': {'lat': 12.9507432, 'lng': 77.5847773}, 'viewport': {'northeast': {'lat': 12.9578032, 'lng': 77.59536345}, 'southwest': {'lat': 12.9424072, 'lng': 77.57495644999999}}}",https://maps.gstatic.com/mapfiles/place_api/icons/generic_recreational-71.png,8ae4a9c5e9c2b40e58bf0c947e5502ff9ef71c29,Lalbagh Botanical Garden,,"[{'height': 4160, 'html_attributions': ['<a href=""https://maps.google.com/maps/contrib/116180204006850376702"">sirivella teja</a>'], 'photo_reference': 'CmRaAAAAnTJy5T2kelrsj0IaTzqPKM02K71jXfUek5CPtYwscnPfUIOQLFt-3vlNA4dBUEcl2x26THogscdyqlWI7cXg1dzXTNh4as4aXK5io8SVdRA7vaXqBp9pBDamZBrtfIaHEhCmQEddFdyNY9l_CS0SOQ6FGhSzvSK59qIEp8001UjdCsHnaR9Z0g', 'width': 3120}]",ChIJHdPykcEVrjsRIr4v35kLEY4,"{'compound_code': 'XH2M+7W Bengaluru, Karnataka', 'global_code': '7J4VXH2M+7W'}",4.4,ChIJHdPykcEVrjsRIr4v35kLEY4,"['tourist_attraction', 'park', 'point_of_interest', 'establishment']",112561.0,True,tourist_attraction
5,OPERATIONAL,"Tippu Sultan Palace Rd, Chamrajpet, Bengaluru, Karnataka 560018, India","{'location': {'lat': 12.9593513, 'lng': 77.5736415}, 'viewport': {'northeast': {'lat': 12.96100192989272, 'lng': 77.57508752989273}, 'southwest': {'lat': 12.95830227010728, 'lng': 77.57238787010728}}}",https://maps.gstatic.com/mapfiles/place_api/icons/generic_business-71.png,454d236c0c8443c09e47d33c65e40a5fc4723d46,Tipu Sultan's Summer Palace,{'open_now': False},"[{'height': 3024, 'html_attributions': ['<a href=""https://maps.google.com/maps/contrib/105521648867479729706"">Amitendra Nath Sarkar</a>'], 'photo_reference': 'CmRaAAAACnlhXoQN3cvK09Per9Hd_HQOvFGZrkwMd3FxyxkI38SERNCy3VZee0q53N4LgXqKIAz_MKNA82mfWkr9tk--BJSQKiVSYSh0mKktdOESvaeZh1v1pPpmYSzpgs9LYpD6EhCVzhAaKIiv2o9SMo6O_MlPGhSdhirv-2Nrh4LhP11MKP7Zf0KGiw', 'width': 4032}]",ChIJAeY0tOQVrjsRdZ8hleP7aRo,"{'compound_code': 'XH5F+PF Chamrajpet, Bengaluru, Karnataka', 'global_code': '7J4VXH5F+PF'}",3.9,ChIJAeY0tOQVrjsRdZ8hleP7aRo,"['tourist_attraction', 'premise', 'museum', 'point_of_interest', 'establishment']",18930.0,,tourist_attraction
6,OPERATIONAL,"Krishna Rajendra Rd, New Tharagupet, Bengaluru, Karnataka 560002, India","{'location': {'lat': 12.9629009, 'lng': 77.57604649999999}, 'viewport': {'northeast': {'lat': 12.96419817989272, 'lng': 77.57748952989272}, 'southwest': {'lat': 12.96149852010728, 'lng': 77.57478987010727}}}",https://maps.gstatic.com/mapfiles/place_api/icons/generic_business-71.png,52acb6e961a359ddfb851f8894f685b14352cd87,Bangalore Fort,{'open_now': False},"[{'height': 3000, 'html_attributions': ['<a href=""https://maps.google.com/maps/contrib/108406700537347105475"">Adit Jana</a>'], 'photo_reference': 'CmRaAAAAlbSL61Q6MHgyE7atDf9057Q36wpYiIObFMdotb9F_fAFKV6_0MefD2q2OtLSYd5rugBAZsovDib-3pt2y-nDm4syrLur4tzyy8QGeXS8wS07I5XYLlvlNueIjs7A3fgNEhDTHiz_ml0vVOPuswPO7NrHGhQ3oHo3OMCvdg1f3a5IeWsuNPcHDQ', 'width': 4000}]",ChIJVx06BOMVrjsR1-a9CQJZpLI,"{'compound_code': 'XH7G+5C New Tharagupet, Bengaluru, Karnataka', 'global_code': '7J4VXH7G+5C'}",3.9,ChIJVx06BOMVrjsR1-a9CQJZpLI,"['tourist_attraction', 'point_of_interest', 'establishment']",13333.0,,tourist_attraction
7,OPERATIONAL,"Kasturba Rd, Shanthala Nagar, Bengaluru, Karnataka 560001, India","{'location': {'lat': 12.9765148, 'lng': 77.5985397}, 'viewport': {'northeast': {'lat': 12.97775067989272, 'lng': 77.59998047989272}, 'southwest': {'lat': 12.97505102010728, 'lng': 77.59728082010727}}}",https://maps.gstatic.com/mapfiles/place_api/icons/generic_business-71.png,98a76832dde5ab09a7e2cbf3680aba734eb95d0a,Government Aquarium,{'open_now': False},"[{'height': 3464, 'html_attributions': ['<a href=""https://maps.google.com/maps/contrib/118154210224286698940"">Amrendra Singh</a>'], 'photo_reference': 'CmRaAAAAhEVmUdWKMgoZeYUEdYGFKQJbv4a7s7acbsNENnO31xmIpFVQWbxe1_fbf0fkCZ3ApJhmbDjpfbo2ih7kItFR_7M5HtTl_SQa-YJaSuaiLRWVm8wXmZOIJou5Vl_LM6XLEhAW-dGjmIyNaARUtItT25HfGhS3bZQqb4JkdxTv12EnMzKXOQxHWg', 'width': 4618}]",ChIJSXQE4HAWrjsRyeiku6FOYT4,"{'compound_code': 'XHGX+JC Bengaluru, Karnataka', 'global_code': '7J4VXHGX+JC'}",3.8,ChIJSXQE4HAWrjsRyeiku6FOYT4,"['aquarium', 'tourist_attraction', 'point_of_interest', 'establishment']",6207.0,,tourist_attraction
8,OPERATIONAL,"Kanakapura Rd, Bengaluru, Karnataka 560083, India","{'location': {'lat': 12.8067751, 'lng': 77.5342727}, 'viewport': {'northeast': {'lat': 12.80899525, 'lng': 77.53621662989272}, 'southwest': {'lat': 12.80603505, 'lng': 77.53351697010727}}}",https://maps.gstatic.com/mapfiles/place_api/icons/generic_business-71.png,361b0d158f69e28e811d59e968ffc735af1b86a1,Thottikallu Falls,,"[{'height': 3120, 'html_attributions': ['<a href=""https://maps.google.com/maps/contrib/103468871926134712065"">Pavan Joseph</a>'], 'photo_reference': 'CmRaAAAALEWqm4yjtTMc1jE1Lm1QWRNrqXkoWDj8lJzy3_tUO7iCxQ5oIs5oN_neLk25_iKoVfILncZoZIQy4XiLwEL4cvWfSBa8BFTlHE4GJrt04hV4F5jvpb2IXlznNDecQWK4EhCUqc9a_558FI80URwkKG8kGhR2fyPXn8cQSej9tm2DkBtv474P-w', 'width': 4160}]",ChIJ184OVJVBrjsRD3qvVLKhAnY,"{'compound_code': 'RG4M+PP Bengaluru, Karnataka', 'global_code': '7J4VRG4M+PP'}",3.7,ChIJ184OVJVBrjsRD3qvVLKhAnY,"['tourist_attraction', 'point_of_interest', 'establishment']",4639.0,,tourist_attraction
9,OPERATIONAL,"cross,Near BSF, #23, Ground Floor,1st Main Road, Udaya Nagar, Baglur, Yelahanka, Bengaluru, Karnataka 560064, India","{'location': {'lat': 13.1221096, 'lng': 77.61075389999999}, 'viewport': {'northeast': {'lat': 13.12345632989272, 'lng': 77.61211042989274}, 'southwest': {'lat': 13.12075667010728, 'lng': 77.60941077010729}}}",https://maps.gstatic.com/mapfiles/place_api/icons/generic_business-71.png,042672ffd236e83e3936e4efad1771d96aa911ae,RP CABS BANGALORE,,"[{'height': 717, 'html_attributions': ['<a href=""https://maps.google.com/maps/contrib/116124394926585123975"">A Google User</a>'], 'photo_reference': 'CmRaAAAAxyULQ-U0triFIY8VHOS1h6A42TYZyEq6fNVhDOpoRVEgIxQRhfh0rCP2NlJ3JmzANfEbMQ4zAlqJ69w3A34Y1fTwZrxFAMrUvc9faPdoD6D1Ph7RBCWU9Qph9w4f7hxmEhAbHIpBN6gIorCKf3Jo8H8GGhSbcw06dXZ3a6r5X_q1K6CBMs9g6A', 'width': 1028}]",ChIJKWzQUS4ZrjsRkn3O7n9HGL4,"{'compound_code': '4JC6+R8 Yelahanka, Bengaluru, Karnataka', 'global_code': '7J5V4JC6+R8'}",5.0,ChIJKWzQUS4ZrjsRkn3O7n9HGL4,"['tourist_attraction', 'point_of_interest', 'establishment']",2.0,,tourist_attraction
10,OPERATIONAL,"95, 29th Main Rd, EWS Colony, Stage 2, BTM 2nd Stage, Bengaluru, Karnataka 560076, India","{'location': {'lat': 12.9059827, 'lng': 77.6162463}, 'viewport': {'northeast': {'lat': 12.90733252989272, 'lng': 77.61759612989273}, 'southwest': {'lat': 12.90463287010728, 'lng': 77.61489647010728}}}",https://maps.gstatic.com/mapfiles/place_api/icons/generic_business-71.png,5e76d7084d7366aea4e266bc2ae3d2665ef4d5f9,BTM Lake,{'open_now': False},"[{'height': 3024, 'html_attributions': ['<a href=""https://maps.google.com/maps/contrib/103431099885789658509"">Manjula M</a>'], 'photo_reference': 'CmRZAAAAGq1_sZp-AlJUBUDiLVRkpifyKfwWfZZmRF7QuBRR8841SjTdWUS0KHjgwMauAklaxVfMgO4FGGdMhok0HtNyRUgGHW-YX0GTr8qCIaMIdlXdWw6DoPk_P43L4JsZVsF9EhAjUoWEiI1iYkP__WbLeSk4GhQxY2s0azaCzbXaJMTvs0GKW-Wx1A', 'width': 4032}]",ChIJcb9MVuEUrjsRKYfy92jVrzk,"{'compound_code': 'WJ48+9F BTM 2nd Stage, Bengaluru, Karnataka', 'global_code': '7J4VWJ48+9F'}",4.2,ChIJcb9MVuEUrjsRKYfy92jVrzk,"['tourist_attraction', 'point_of_interest', 'establishment']",1911.0,,tourist_attraction
11,CLOSED_TEMPORARILY,"Hare Krishna Hill, Chord Rd, Rajajinagar, Bengaluru, Karnataka 560010, India","{'location': {'lat': 13.0098328, 'lng': 77.55109639999999}, 'viewport': {'northeast': {'lat': 13.01118262989272, 'lng': 77.55244622989272}, 'southwest': {'lat': 13.00848297010728, 'lng': 77.54974657010727}}}",https://maps.gstatic.com/mapfiles/place_api/icons/worship_hindu-71.png,595ed2a8022f69a9383d5b702ab24a632abc0b12,ISKCON Temple Bangalore,,"[{'height': 3024, 'html_attributions': ['<a href=""https://maps.google.com/maps/contrib/118202157346282764625"">Karthik</a>'], 'photo_reference': 'CmRaAAAAlYCXKSqlkut3EMrnLydZFxSmD9-s5YZCI4UISG09jt1M6RvSp_0Vhb0Bc-2pF1sRA2zLZYNudQylHvAclg0W8p-K6sHWFDhbtwb86hp4FlQnXqfnZ15_aMkFGwS1jz8SEhAzfJhDuvk_uSjbaOCCEteZGhTGvwrUKnO4no9Jw9Bnj8LgsCibhQ', 'width': 4032}]",ChIJBw42C-09rjsRs7KmQUqyf3o,"{'compound_code': '2H52+WC Rajajinagar, Bengaluru, Karnataka', 'global_code': '7J5V2H52+WC'}",4.6,ChIJBw42C-09rjsRs7KmQUqyf3o,"['hindu_temple', 'tourist_attraction', 'place_of_worship', 'point_of_interest', 'establishment']",73943.0,True,tourist_attraction
12,CLOSED_TEMPORARILY,"Mavalli, Bengaluru, Karnataka 560004, India","{'location': {'lat': 12.9505293, 'lng': 77.5838278}, 'viewport': {'northeast': {'lat': 12.95187912989272, 'lng': 77.58517762989271}, 'southwest': {'lat': 12.94917947010728, 'lng': 77.58247797010728}}}",https://maps.gstatic.com/mapfiles/place_api/icons/generic_business-71.png,8034480ca6f27890d24fd982201757ca8851abda,Tree Fossil,,"[{'height': 3024, 'html_attributions': ['<a href=""https://maps.google.com/maps/contrib/103529785874323136452"">Vijay Hubli</a>'], 'photo_reference': 'CmRaAAAA0oU-a3OVlF0-HfWV57CH7nPZ92OjQlEnlCU0QvO44QWsz4Kua3Cz0v2lpIs5m7UkPPk4EHlUbHAaHqrOoNstlg-l9l2M6olZHVcGzK_vv0L9z771RiMVHCDye92zjRnnEhDK6mqJ1yJyHCycK1PlaKrJGhTBqyUDVlk8ujrQdoV0Y-e3zT_TnA', 'width': 4032}]",ChIJU_hy7ukVrjsRAs2LcPlVf3o,"{'compound_code': 'XH2M+6G Mavalli, Bengaluru, Karnataka', 'global_code': '7J4VXH2M+6G'}",4.2,ChIJU_hy7ukVrjsRAs2LcPlVf3o,"['tourist_attraction', 'point_of_interest', 'establishment']",66.0,True,tourist_attraction
13,CLOSED_TEMPORARILY,"Lal Bagh Main Rd, Mavalli, Bengaluru, Karnataka 560004, India","{'location': {'lat': 12.9517496, 'lng': 77.5848276}, 'viewport': {'northeast': {'lat': 12.95309942989272, 'lng': 77.58617742989271}, 'southwest': {'lat': 12.95039977010728, 'lng': 77.58347777010728}}}",https://maps.gstatic.com/mapfiles/place_api/icons/generic_business-71.png,03517e3e33e955466c306c2f419c58130971a495,Floral Clock,,"[{'height': 4000, 'html_attributions': ['<a href=""https://maps.google.com/maps/contrib/112944630735481324772"">Jojan Paul</a>'], 'photo_reference': 'CmRaAAAAqIrS519g7_qG3_Z-Kt6pY6HQfRjyVTxf6foXXIzKCMWIYAqmDmy9xfIbWUlpK1w6j3dzigXOvuH7Y3SaZpUDS5CpIzs9XC6iHepT1wC3NPN7Hj1yp1CoGFz_4zFSvCBAEhDB6dvOnZRVE3PJgNtLmPw_GhTMY99yHJKCWvm7Treo4C0bafAEUQ', 'width': 6016}]",ChIJlwYM2OkVrjsRmiYdqnw9PGg,"{'compound_code': 'XH2M+MW Bengaluru, Karnataka', 'global_code': '7J4VXH2M+MW'}",4.4,ChIJlwYM2OkVrjsRmiYdqnw9PGg,"['tourist_attraction', 'point_of_interest', 'establishment']",1102.0,True,tourist_attraction
14,CLOSED_TEMPORARILY,"Hulimavu, Bengaluru, Karnataka 560076, India","{'location': {'lat': 12.8709427, 'lng': 77.6021574}, 'viewport': {'northeast': {'lat': 12.87231647989272, 'lng': 77.60341807989272}, 'southwest': {'lat': 12.86961682010728, 'lng': 77.60071842010727}}}",https://maps.gstatic.com/mapfiles/place_api/icons/generic_business-71.png,fb526b96238ef48fccce0a9b6476b7959e2ebc0c,Hulimavu Lake,,"[{'height': 2250, 'html_attributions': ['<a href=""https://maps.google.com/maps/contrib/100980250443151548506"">FalconEye Aerial</a>'], 'photo_reference': 'CmRaAAAATq6M5KW-3m445hlz6i5mnQ_GZ6l5d2TWS-Hsbes10-Dndc8GJ6o15uXo6Zo76ANtNbnHWvXE3tXyVEN4q087ppR6Wxy4xRtVURAs9QdO-oUxyga-VsnMFVtqN0aRpk4LEhBC3VVDAYD4CeycNp5xStXUGhS8O2q2AHZ9K2jO_g3PAejVbdSljQ', 'width': 4000}]",ChIJcRgorNdqrjsRqzVInu01nyA,"{'compound_code': 'VJC2+9V Hulimavu, Bengaluru, Karnataka', 'global_code': '7J4VVJC2+9V'}",3.8,ChIJcRgorNdqrjsRqzVInu01nyA,"['tourist_attraction', 'point_of_interest', 'establishment']",229.0,True,tourist_attraction
15,OPERATIONAL,"Near HAL Police Station, HAL Old Airport Rd, Marathahalli, Bengaluru, Karnataka 560037, India","{'location': {'lat': 12.954655, 'lng': 77.68090579999999}, 'viewport': {'northeast': {'lat': 12.95638647989272, 'lng': 77.68484120000001}, 'southwest': {'lat': 12.95368682010728, 'lng': 77.67959399999998}}}",https://maps.gstatic.com/mapfiles/place_api/icons/generic_business-71.png,cb6c08ad2e65009678376d7ffc2ce9028eafca1a,HAL Heritage Centre and Aerospace Museum,{'open_now': False},"[{'height': 720, 'html_attributions': ['<a href=""https://maps.google.com/maps/contrib/114204114311901998930"">A Google User</a>'], 'photo_reference': 'CmRaAAAAItGA0D9G-EhtbSYJs4sYDxl7y_Do6CSVwIzDQ3p24aKXko2zDyaZmYGLQqX6U1vEgmN0fSX-TJjjhekIxFcwYuWA1hh-vjpZXZSW_kloaInqjq7fqC7zR69MXDTLFdFmEhBzz3EQ1CSPpx8o-BooQpbxGhRFNIN63QBGmYLMZD3mSfTlLvR65A', 'width': 1280}]",ChIJg2Ir7MMTrjsR9kqAcrWsFew,"{'compound_code': 'XM3J+V9 Marathahalli, Bengaluru, Karnataka', 'global_code': '7J4VXM3J+V9'}",4.4,ChIJg2Ir7MMTrjsR9kqAcrWsFew,"['tourist_attraction', 'museum', 'point_of_interest', 'establishment']",20989.0,,tourist_attraction
16,CLOSED_TEMPORARILY,"52, Race Course Rd, High Grounds, Sampangi Rama Nagar, Bengaluru, Karnataka 560001, India","{'location': {'lat': 12.9834101, 'lng': 77.5842778}, 'viewport': {'northeast': {'lat': 12.98494282989272, 'lng': 77.58568477989272}, 'southwest': {'lat': 12.98224317010728, 'lng': 77.58298512010728}}}",https://maps.gstatic.com/mapfiles/place_api/icons/generic_business-71.png,a7aa2d5534d0a471d02bc10f18e58ff64c4cde76,BTC,,"[{'height': 2304, 'html_attributions': ['<a href=""https://maps.google.com/maps/contrib/108163504534516910247"">abid nalapad</a>'], 'photo_reference': 'CmRaAAAAWoQAnSG8KST9khBMGoeaNPT3KAak0PSLt0TpoS6nkvqwD44VzIsq51lgrdgHjuqlviqZb21SqKxWfa_py169Xj0RubqXZRV4h2ApqC0i0u8TpHibb8AfYXZvZczH6p4IEhAF5ptmF2UFomS4z_CVJMAPGhTL3G9vXZHT2ZYLb06JYH8PHAln8A', 'width': 4608}]",ChIJtcYQVxMWrjsR6wYY_p1X_oU,"{'compound_code': 'XHMM+9P Bengaluru, Karnataka', 'global_code': '7J4VXHMM+9P'}",4.2,ChIJtcYQVxMWrjsR6wYY_p1X_oU,"['tourist_attraction', 'point_of_interest', 'establishment']",73.0,True,tourist_attraction
17,OPERATIONAL,"Near Chinna Swamy Stadium, Kasturba Rd, Ambedkar Veedhi, Bengaluru, Karnataka 560001, India","{'location': {'lat': 12.9752264, 'lng': 77.59634489999999}, 'viewport': {'northeast': {'lat': 12.97608077989272, 'lng': 77.59752142989271}, 'southwest': {'lat': 12.97338112010728, 'lng': 77.59482177010726}}}",https://maps.gstatic.com/mapfiles/place_api/icons/museum-71.png,c390f3fde0cf6545104dd2561aa10b2a8317f5a9,Visvesvaraya Industrial & Technological Museum,{'open_now': False},"[{'height': 800, 'html_attributions': ['<a href=""https://maps.google.com/maps/contrib/104158043168750019754"">Visvesvaraya Industrial and Technological Museum</a>'], 'photo_reference': 'CmRaAAAA33VWmQPI7dtf3h9ssKLk1GS8Ar9EasCjm_BUU9qDYLWbz7lc5FI1bb56Qmnl-d1Bwe9rcQ5Q8ATjpIpbg3J77jctOGqtXHhEiITm1ype8miBjRLguM4IVJOSaVD442f8EhAQKnlv3pvwypTqHdvsi3bqGhRYbEfdZEb1c1GiD6iIzPmO508CfA', 'width': 1200}]",ChIJqyoigt8VrjsRp_hKR5Y_1X8,"{'compound_code': 'XHGW+3G Bengaluru, Karnataka', 'global_code': '7J4VXHGW+3G'}",4.6,ChIJqyoigt8VrjsRp_hKR5Y_1X8,"['tourist_attraction', 'museum', 'point_of_interest', 'establishment']",10606.0,,tourist_attraction
18,CLOSED_TEMPORARILY,"Santhosapuram, Koramangala Industrial Layout, Koramangala, Bengaluru, Karnataka 560034, India","{'location': {'lat': 12.9296669, 'lng': 77.61520229999999}, 'viewport': {'northeast': {'lat': 12.93098017989272, 'lng': 77.61655932989272}, 'southwest': {'lat': 12.92828052010728, 'lng': 77.61385967010727}}}",https://maps.gstatic.com/mapfiles/place_api/icons/generic_business-71.png,f8bafc87a68f877e2f50ab79dbce658513a4a0e8,Clock tower st. John's signal,,"[{'height': 2250, 'html_attributions': ['<a href=""https://maps.google.com/maps/contrib/113821201160107769966"">Amrit Pratihar</a>'], 'photo_reference': 'CmRaAAAA-rMIpy62gptLhysBsKHAGjAMZLlbySoEI0DXTBcCulLqPa7-gAgpFh2hKS9Z0axYo2C05Y5LOrmfSz3rVp-9gQ0DeJbg5i2TKKOF2uePMdpRdQOhKpa1j6PQ4RQa4p_NEhCCORIzcIqF8Mndl-kRAyElGhRbM3MbG8XCVFFgWrxQF69kcUe5mQ', 'width': 4000}]",ChIJ7WW2KC8VrjsRXIeI6ZMkCWk,"{'compound_code': 'WJH8+V3 Koramangala, Bengaluru, Karnataka', 'global_code': '7J4VWJH8+V3'}",3.9,ChIJ7WW2KC8VrjsRXIeI6ZMkCWk,"['tourist_attraction', 'point_of_interest', 'establishment']",32.0,True,tourist_attraction
19,CLOSED_TEMPORARILY,"80, Kalasipalyam Main Rd, Kalasipalya, Bengaluru, Karnataka 560002, India","{'location': {'lat': 12.958957, 'lng': 77.57760309999999}, 'viewport': {'northeast': {'lat': 12.96030722989272, 'lng': 77.57898162989272}, 'southwest': {'lat': 12.95760757010728, 'lng': 77.57628197010727}}}",https://maps.gstatic.com/mapfiles/place_api/icons/generic_business-71.png,1c150a063c2e62575a3d3cb4c7ebcb1298805547,Maharaja Statue Kalasipalayam,,,ChIJBaoto2MVrjsRg4DmFA9_XOU,"{'compound_code': 'XH5H+H2 Kalasipalya, Bengaluru, Karnataka', 'global_code': '7J4VXH5H+H2'}",3.0,ChIJBaoto2MVrjsRg4DmFA9_XOU,"['tourist_attraction', 'point_of_interest', 'establishment']",3.0,True,tourist_attraction
20,CLOSED_TEMPORARILY,"Mavalli, Bengaluru, Karnataka 560004, India","{'location': {'lat': 12.9462103, 'lng': 77.5864654}, 'viewport': {'northeast': {'lat': 12.94756012989272, 'lng': 77.58781522989271}, 'southwest': {'lat': 12.94486047010727, 'lng': 77.58511557010726}}}",https://maps.gstatic.com/mapfiles/place_api/icons/generic_business-71.png,5d7e764c491b1dea15a88ecb5d47ef7cba2054a7,Lalbagh Waterfall,,"[{'height': 3000, 'html_attributions': ['<a href=""https://maps.google.com/maps/contrib/113005429219437751569"">Laxmikanth S</a>'], 'photo_reference': 'CmRaAAAAtslO4RicW8AjNkyHBL1nG1-rubI0nCbilI5Cu7l-FR0pJF1-hj0iLfZszo5JGLcaEthB1DtHGFy17JL9KS4oXRgxj5Hxmn_fc9MbU2CWEdfegF6120VB84IvnduWA4KDEhALG0oUgkzfkUPKJrwQZHTSGhT-3JjWi57r-mygzwnJ_F46P8aSKw', 'width': 4000}]",ChIJx3i0R8AVrjsRopE4pRSBhPw,"{'compound_code': 'WHWP+FH Mavalli, Bengaluru, Karnataka', 'global_code': '7J4VWHWP+FH'}",4.2,ChIJx3i0R8AVrjsRopE4pRSBhPw,"['tourist_attraction', 'point_of_interest', 'establishment']",46.0,True,tourist_attraction
21,CLOSED_TEMPORARILY,"No.40/1 A, 5th Floor, Basappa Complex, Lavelle Road, Bengaluru, Karnataka 560001, India","{'location': {'lat': 12.9711522, 'lng': 77.5978612}, 'viewport': {'northeast': {'lat': 12.97253312989272, 'lng': 77.5992059298927}, 'southwest': {'lat': 12.96983347010728, 'lng': 77.59650627010727}}}",https://maps.gstatic.com/mapfiles/place_api/icons/generic_business-71.png,59e78c8e55cad27d715b76d3a9aadf9be4b274fc,Kashipura Heritage,,,ChIJl7XBuHkWrjsRETdmSUNxGqk,,0.0,ChIJl7XBuHkWrjsRETdmSUNxGqk,"['tourist_attraction', 'point_of_interest', 'establishment']",0.0,True,tourist_attraction
22,CLOSED_TEMPORARILY,"Ambedkar Veedhi, Sampangi Rama Nagar, Bengaluru, Karnataka 560001, India","{'location': {'lat': 12.9806644, 'lng': 77.5970675}, 'viewport': {'northeast': {'lat': 12.98202667989272, 'lng': 77.59837317989272}, 'southwest': {'lat': 12.97932702010728, 'lng': 77.59567352010727}}}",https://maps.gstatic.com/mapfiles/place_api/icons/generic_business-71.png,0bec6fca532d8a0b11f72832fe82f26ca2fb2d29,HAL Aircraft Display,,"[{'height': 3024, 'html_attributions': ['<a href=""https://maps.google.com/maps/contrib/100090913439837156019"">mail2saidas</a>'], 'photo_reference': 'CmRaAAAAl5Hakdg2WwiiAQBvC86oRwsgsB-soMacVCof95CUxEBVWkgfwIduWTbzTmDp-BWD9lisk4EmGy7Z5Wowe6asuCXfH4TOEEOw-hk1fbW8JoUKXI__xTSnHySI-VCNdVtnEhCBk9jWpS0Cx3rchJDujWS6GhR1eNcb-CQIB47GjMpAQP-1IyWF4A', 'width': 4032}]",ChIJr08EcGUWrjsRN8fdUiYu3DM,"{'compound_code': 'XHJW+7R Bengaluru, Karnataka', 'global_code': '7J4VXHJW+7R'}",4.6,ChIJr08EcGUWrjsRN8fdUiYu3DM,"['tourist_attraction', 'point_of_interest', 'establishment']",61.0,True,tourist_attraction
23,OPERATIONAL,"1st R Block, Rajajinagar, Bengaluru, Karnataka 560010, India","{'location': {'lat': 13.0096764, 'lng': 77.551132}, 'viewport': {'northeast': {'lat': 13.01104322989272, 'lng': 77.55260872989271}, 'southwest': {'lat': 13.00834357010728, 'lng': 77.54990907010728}}}",https://maps.gstatic.com/mapfiles/place_api/icons/generic_business-71.png,c3f0264048dab827bf28ab631d2ef7bf36e33b99,Hare Krishna Hill,,"[{'height': 3024, 'html_attributions': ['<a href=""https://maps.google.com/maps/contrib/115073932032940385335"">Pradeep Sathya</a>'], 'photo_reference': 'CmRaAAAActT6MB6r-W48UDinflcCAXr2HA9bHca87T-efRbYRqYrGJteYBlcknl_x7Z36eV9ECEgImjrm8Od-fCVJ01CTdw7KyB6ChzhQWYQGVIMOcf5e2vavodxlR--Il1k0h3nEhCukpC8TLqLuf8_59MlmFp_GhRCx509zOhwmvqIlzA4kH-kX0zQ_g', 'width': 4032}]",ChIJgXgzGJ89rjsR5Z7lZQkFGk4,"{'compound_code': '2H52+VF Rajajinagar, Bengaluru, Karnataka', 'global_code': '7J5V2H52+VF'}",4.6,ChIJgXgzGJ89rjsR5Z7lZQkFGk4,"['tourist_attraction', 'point_of_interest', 'establishment']",61.0,,tourist_attraction
24,CLOSED_TEMPORARILY,"15/4, Hosur Rd, Somasundarapalaya, 1st Stage, BTM Layout, Bengaluru, Karnataka 560034, India","{'location': {'lat': 12.9244897, 'lng': 77.6179113}, 'viewport': {'northeast': {'lat': 12.92586587989272, 'lng': 77.61930377989272}, 'southwest': {'lat': 12.92316622010728, 'lng': 77.61660412010727}}}",https://maps.gstatic.com/mapfiles/place_api/icons/generic_business-71.png,6de60079e49d64c114dfb06bbca53cc99d3d97d8,Madiwala Park,,,ChIJn5LwXqoVrjsRl5pAiOkmbFY,"{'compound_code': 'WJF9+Q5 BTM Layout, Bengaluru, Karnataka', 'global_code': '7J4VWJF9+Q5'}",0.0,ChIJn5LwXqoVrjsRl5pAiOkmbFY,"['tourist_attraction', 'point_of_interest', 'establishment']",0.0,True,tourist_attraction
25,OPERATIONAL,"Inside Bannerughatta Biological Park, Bannerughatta, Bengaluru, Karnataka 560083, India","{'location': {'lat': 12.7960545, 'lng': 77.5764202}, 'viewport': {'northeast': {'lat': 12.7996878, 'lng': 77.57779457989271}, 'southwest': {'lat': 12.7948434, 'lng': 77.57509492010726}}}",https://maps.gstatic.com/mapfiles/place_api/icons/generic_recreational-71.png,524a7afb9b1184e816182b86ed733edec7cba3d3,Butterfly Park,{'open_now': False},"[{'height': 3456, 'html_attributions': ['<a href=""https://maps.google.com/maps/contrib/117830022129937883819"">Krishanu Dey</a>'], 'photo_reference': 'CmRaAAAAffLrZqsj5_ZPbbtEk8vL8cbXjw56XI8SI-7iLDti1BISDsViMD2D0AJyOw2UtfhFy8YcbH9P169AH_Yl7Q7Nk_XY_P9_sXnQE5ab-KfSETSsXXjlu7VfHbwgJcw99p0qEhDPeTGXK9X6wBqjvtQnTW2hGhRjGuJKt8hTY3yqtnq5ETCcgn_YNQ', 'width': 4608}]",ChIJ3XmpYxpqrjsRjRZ78HKinFY,"{'compound_code': 'QHWG+CH Bannerughatta, Bengaluru, Karnataka', 'global_code': '7J4VQHWG+CH'}",3.9,ChIJ3XmpYxpqrjsRjRZ78HKinFY,"['tourist_attraction', 'park', 'point_of_interest', 'establishment']",7328.0,,tourist_attraction
26,CLOSED_TEMPORARILY,"D' Souza Layout, Ashok Nagar, Bengaluru, Karnataka 560001, India","{'location': {'lat': 12.9694813, 'lng': 77.59495299999999}, 'viewport': {'northeast': {'lat': 12.97078577989272, 'lng': 77.59608012989271}, 'southwest': {'lat': 12.96808612010728, 'lng': 77.59338047010726}}}",https://maps.gstatic.com/mapfiles/place_api/icons/generic_business-71.png,a698b1b13a00e75a6a4b4da50b864dba7cabe30c,Annual Cake Show,,"[{'height': 3024, 'html_attributions': ['<a href=""https://maps.google.com/maps/contrib/100853049379486560094"">Kishore Raati</a>'], 'photo_reference': 'CmRaAAAAFmW9WP9kP4kGDQKe03imn-jKj3-XcBdqDDXciZChOIcCUwkWUvOuQHorPobu16Ss5lTwCcdvdTrBiONUkH-KtQYl1EkADt2GYgevvq0b3XlfFDo7g-DZnl44rooUSp88EhAB4Twr0Df6eGX7PBXXYgwZGhTA3ALj8Cs7B8DaNJTEBQC9MyiR8A', 'width': 4032}]",ChIJSyrF63cWrjsRDQI_d4KAbyo,"{'compound_code': 'XH9V+QX Ashok Nagar, Bengaluru, Karnataka', 'global_code': '7J4VXH9V+QX'}",3.3,ChIJSyrF63cWrjsRDQI_d4KAbyo,"['tourist_attraction', 'point_of_interest', 'establishment']",647.0,True,tourist_attraction
27,OPERATIONAL,"22/1, Tank Bund Road, Brindavan Nagar, Bandappa Garden, Mathikere, Bengaluru, Karnataka 560054, India","{'location': {'lat': 13.0339132, 'lng': 77.5500089}, 'viewport': {'northeast': {'lat': 13.03965195, 'lng': 77.55584085000001}, 'southwest': {'lat': 13.02960615, 'lng': 77.54676184999998}}}",https://maps.gstatic.com/mapfiles/place_api/icons/generic_recreational-71.png,3899c7ba980c9223f5c1929dceae081b36aaea33,Jaya Prakash Narayana Park,{'open_now': False},"[{'height': 1456, 'html_attributions': ['<a href=""https://maps.google.com/maps/contrib/102146330914083108491"">Ring Berg</a>'], 'photo_reference': 'CmRaAAAAtAY3H5MTcwOKnHatlqUXOO0v7HWQXGGFmoTEjxtIxDOdgKNGtsYe6aEJrEju7ltGUe4Gzu_HPLz3_pL-0e9eDl-FrtunZhE75N5LDXuJIkJ9_-yIVyKNsvl_NGVcFRJ4EhDlaBqK0svIJgj6CQqpI0qkGhR3heHknCxjYgtSe4b1h5TqFlQvqw', 'width': 2592}]",ChIJ-8Jcp109rjsRe0QXmcbU8Ic,"{'compound_code': '2HM2+H2 Mathikere, Bengaluru, Karnataka', 'global_code': '7J5V2HM2+H2'}",4.4,ChIJ-8Jcp109rjsRe0QXmcbU8Ic,"['park', 'tourist_attraction', 'point_of_interest', 'establishment']",15378.0,,tourist_attraction
28,CLOSED_TEMPORARILY,"Seshadri Rd, Gandhi Nagar, Bengaluru, Karnataka 560009, India","{'location': {'lat': 12.9782708, 'lng': 77.5821579}, 'viewport': {'northeast': {'lat': 12.97997057989272, 'lng': 77.58375407989271}, 'southwest': {'lat': 12.97727092010728, 'lng': 77.58105442010726}}}",https://maps.gstatic.com/mapfiles/place_api/icons/generic_recreational-71.png,fb936083ee85a5330b8dc7e5487c76f376937861,Freedom Park,,"[{'height': 3120, 'html_attributions': ['<a href=""https://maps.google.com/maps/contrib/102933570816261225208"">Venkat Raj</a>'], 'photo_reference': 'CmRaAAAAV8ygEh24z_j5ASeW8cIiHDTXh-qK-UJ_FWr0impVVvTcq0LVbKOKPdkMYuoeDPJthIwFXv_UVDqlwcYA4ltecGL6obPdf3SluUnka0Tnh6f9lhAhv-8Gvcrno1yQiehEEhD8lq5m5C8zIa-rU5UzbccqGhSEFZOfKLvpf2cGp_IcddI0I_M5Tg', 'width': 4160}]",ChIJX5m7gw0WrjsRtuZKH4Cp8xY,"{'compound_code': 'XHHJ+8V Gandhi Nagar, Bengaluru, Karnataka', 'global_code': '7J4VXHHJ+8V'}",4.1,ChIJX5m7gw0WrjsRtuZKH4Cp8xY,"['park', 'tourist_attraction', 'point_of_interest', 'establishment']",13110.0,True,tourist_attraction
29,CLOSED_TEMPORARILY,"Kempegowda, Majestic, Bengaluru, Karnataka 560023, India","{'location': {'lat': 12.9780576, 'lng': 77.5700456}, 'viewport': {'northeast': {'lat': 12.97949577989272, 'lng': 77.57139412989272}, 'southwest': {'lat': 12.97679612010728, 'lng': 77.56869447010727}}}",https://maps.gstatic.com/mapfiles/place_api/icons/generic_business-71.png,4ff325f551e368c71b4f05c08a3bc0e4548d7116,Flag post,,"[{'height': 1996, 'html_attributions': ['<a href=""https://maps.google.com/maps/contrib/104548967242982440199"">Geetha Pai</a>'], 'photo_reference': 'CmRaAAAA8aqUtzocOtfx9doLRHDR-As6x9mZ0SaG8MauN5dbuexxy0IGNUTLsD_tb66gU7vCNP_oPgyzN649KM5jBtzFwiFY335BIF1LGPbGcLxvK1i2RleJj45BLv8wiEmX1hzWEhAdd9t35_zHqHEF3GRHqSB6GhTLOCLqnfuc7q3QUASH5pq09f4FSw', 'width': 3549}]",ChIJmbuNyPUXrjsRK_YHjLdFFWo,"{'compound_code': 'XHHC+62 Majestic, Bengaluru, Karnataka', 'global_code': '7J4VXHHC+62'}",5.0,ChIJmbuNyPUXrjsRK_YHjLdFFWo,"['tourist_attraction', 'point_of_interest', 'establishment']",1.0,True,tourist_attraction
30,,"Sankey Tank, Kodandarampura, Malleshwaram, Bengaluru, Karnataka 560080","{'location': {'lat': 13.0092983, 'lng': 77.5741212}, 'viewport': {'northeast': {'lat': 13.0123874, 'lng': 77.5771075}, 'southwest': {'lat': 13.0076128, 'lng': 77.5722287}}}",https://maps.gstatic.com/mapfiles/place_api/icons/geocode-71.png,8a0357c809322df23cc8b77636c8987bc9786f49,Sankey Tank,,"[{'height': 3840, 'html_attributions': ['<a href=""https://maps.google.com/maps/contrib/113182748748470328447"">Pruthvi Shetty R</a>'], 'photo_reference': 'CmRaAAAAYM1OuFZq9uNwXPQ-qDXJLFTfH5UaAx9WYygEDps48VEycuVl1kiNRv7qyZ2UerwBawYVMEreKJ6VLd-Gm9xYrjuvGLfriJVsxVOkyDqNrfdJo5tcy3yQ7dNkcRDxJHJ4EhA7aVyt9pufqTDXE4zz-TrIGhRMPaJyOGQMf8CsHtD_46GWExTOuw', 'width': 4912}]",ChIJzVAUlTIWrjsRJgrhXgyf-Gs,,4.5,ChIJzVAUlTIWrjsRJgrhXgyf-Gs,"['natural_feature', 'establishment']",1737.0,,tourist_attraction
31,CLOSED_TEMPORARILY,"Nunegundlapalli, Ambedkar Veedhi, Sampangi Rama Nagara, Bengaluru, Karnataka 560001, India","{'location': {'lat': 12.9751786, 'lng': 77.593237}, 'viewport': {'northeast': {'lat': 12.97648352989272, 'lng': 77.59459857989272}, 'southwest': {'lat': 12.97378387010728, 'lng': 77.59189892010727}}}",https://maps.gstatic.com/mapfiles/place_api/icons/generic_business-71.png,81871a722990349085d42030f47c9d5d0480718e,Statue Of Shri Chamarajendra Wadiyar IX,,"[{'height': 1080, 'html_attributions': ['<a href=""https://maps.google.com/maps/contrib/117863290446433020618"">Jithin Scaria</a>'], 'photo_reference': 'CmRaAAAAIEtspTpq1HdbfJ7FlRbSzr115mcnTVSpesoRCVN-xSpL46Kp1gfHcWeyRVMfkfISuixOqxfkGwX8QdrkwOrG0jq5jdaq3JFuEmM6w3wpsyQk74ipzRGfI47iIVhiwYv9EhC_n0KR8qb9fJIsHahBmAroGhRdTC6DCdePgNhZwq9JIRcNH5oJ5w', 'width': 1920}]",ChIJvTH1YhMXrjsRiLkEzIS6NzA,"{'compound_code': 'XHGV+37 Bengaluru, Karnataka', 'global_code': '7J4VXHGV+37'}",4.7,ChIJvTH1YhMXrjsRiLkEzIS6NzA,"['tourist_attraction', 'point_of_interest', 'establishment']",6.0,True,tourist_attraction
32,OPERATIONAL,"West of Chord Road 3rd Stage, Basaveshwar Nagar, Bengaluru, Karnataka 560079, India","{'location': {'lat': 12.9879576, 'lng': 77.5374662}, 'viewport': {'northeast': {'lat': 12.98933782989272, 'lng': 77.53881687989274}, 'southwest': {'lat': 12.98663817010728, 'lng': 77.53611722010729}}}",https://maps.gstatic.com/mapfiles/place_api/icons/generic_business-71.png,c82d0226b1f4cec00ea9fb978d289f73ad30e667,Trawellzone,{'open_now': False},,ChIJ2ZnlEYg9rjsR7I2tnvowJi0,"{'compound_code': 'XGQP+5X Basaveshwar Nagar, Bengaluru, Karnataka', 'global_code': '7J4VXGQP+5X'}",0.0,ChIJ2ZnlEYg9rjsR7I2tnvowJi0,"['tourist_attraction', 'point_of_interest', 'establishment']",0.0,,tourist_attraction
33,OPERATIONAL,"No.1, Art Complex, Kumarakrupa Rd, near The Lalit Hotel, Kumara Park East, Bengaluru, Karnataka 560001, India","{'location': {'lat': 12.9891667, 'lng': 77.5805556}, 'viewport': {'northeast': {'lat': 12.99040287989272, 'lng': 77.58224217989273}, 'southwest': {'lat': 12.98770322010728, 'lng': 77.57954252010728}}}",https://maps.gstatic.com/mapfiles/place_api/icons/generic_business-71.png,60e0b25376f7bd8010f4fcd57cfdd5345be61e40,Karnataka Chitrakala Parishath,{'open_now': False},"[{'height': 355, 'html_attributions': ['<a href=""https://maps.google.com/maps/contrib/108667215775318447133"">Karnataka Chitrakala Parishath</a>'], 'photo_reference': 'CmRaAAAA47NSZgXulhAr3kXdghgAopjdkBTN13WTt-v9JYga8PNbyyRY0J1PA3VpjIjhv7rYNTLBU8qDhVWhB0KisUEDRsQ11ylgIpbdZpomIoi5d3qTBHrEpfV6nPA7UyFwGcbCEhAvmab7YA7d8b9G-WGFOLgIGhTN_C14IdmrsqlgDPKjCbfoKC0V8A', 'width': 851}]",ChIJzRxhID4WrjsRMW9WwS2aSzo,"{'compound_code': 'XHQJ+M6 Bengaluru, Karnataka', 'global_code': '7J4VXHQJ+M6'}",4.5,ChIJzRxhID4WrjsRMW9WwS2aSzo,"['art_gallery', 'tourist_attraction', 'point_of_interest', 'establishment']",11377.0,,tourist_attraction
34,CLOSED_TEMPORARILY,"Bull Temple Rd, Basavanagudi, Bengaluru, Karnataka 560019, India","{'location': {'lat': 12.9427052, 'lng': 77.5694287}, 'viewport': {'northeast': {'lat': 12.94419152989272, 'lng': 77.57020475000002}, 'southwest': {'lat': 12.94149187010728, 'lng': 77.56710054999998}}}",https://maps.gstatic.com/mapfiles/place_api/icons/generic_recreational-71.png,28c7623e789eba6caba6a91ee42bb3e295a297b2,Bugle Rock Park,,"[{'height': 332, 'html_attributions': ['<a href=""https://maps.google.com/maps/contrib/115457573295310782725"">A Google User</a>'], 'photo_reference': 'CmRaAAAAZcnL4u-l8rRNqmDEz1XNQtrnJrL-x54K1JrKR7NZHwjC5R-PRyaB2WRKJCe37v6ZX3rNxZ5YtpO6doJhv_dIiieASzkrg3oWeuIFPXFwJQVnw0qo35w0LOQCzM2I6hCmEhCZtoNnJqOWrqt9aYA4zdE_GhS1JECO3JioymZOvvYAHYJnC7Un3w', 'width': 443}]",ChIJmwJpvowVrjsR0JVGQxxLHms,"{'compound_code': 'WHV9+3Q Basavanagudi, Bengaluru, Karnataka', 'global_code': '7J4VWHV9+3Q'}",4.4,ChIJmwJpvowVrjsR0JVGQxxLHms,"['park', 'tourist_attraction', 'point_of_interest', 'establishment']",17192.0,True,tourist_attraction
35,CLOSED_TEMPORARILY,"Ambedkar Veedhi, Sampangi Rama Nagara, Bengaluru, Karnataka, India","{'location': {'lat': 12.9843536, 'lng': 77.58854079999999}, 'viewport': {'northeast': {'lat': 12.98569352989272, 'lng': 77.5898274798927}, 'southwest': {'lat': 12.98299387010728, 'lng': 77.58712782010727}}}",https://maps.gstatic.com/mapfiles/place_api/icons/generic_business-71.png,27da17b16beaa8565a711b9541086b4948974f8e,Statue Of Basavanna,,,ChIJp8_63PgXrjsRZx4noL5eJUk,"{'compound_code': 'XHMQ+PC Bengaluru, Karnataka', 'global_code': '7J4VXHMQ+PC'}",4.0,ChIJp8_63PgXrjsRZx4noL5eJUk,"['tourist_attraction', 'point_of_interest', 'establishment']",3.0,True,tourist_attraction
36,OPERATIONAL,"Opp to Jawahar Lal Nehru Planetarium, Raj Bhawan Road, Bengaluru, Karnataka 560052, India","{'location': {'lat': 12.9851177, 'lng': 77.59159149999999}, 'viewport': {'northeast': {'lat': 12.98614482989272, 'lng': 77.59252337989271}, 'southwest': {'lat': 12.98344517010728, 'lng': 77.58982372010726}}}",https://maps.gstatic.com/mapfiles/place_api/icons/generic_recreational-71.png,eb2e81d8116838a2bf6d1403058836f799e05bdf,Indira Gandhi Musical Fountain Park,{'open_now': False},"[{'height': 4618, 'html_attributions': ['<a href=""https://maps.google.com/maps/contrib/112784115222356568862"">Mateusz Wiszowaty</a>'], 'photo_reference': 'CmRaAAAAtTO5LP1XieWyYD5c6WMn9wzk2lc-hYN2xV6ZeCNMGi8VU7kjrrqoGRkps6Bbc_D7H_Xc1pd1ou8QiPmRkChSdPHdasRo_J68nHQTBMQCcWIKuKkY0adEUFTyDOcWbNS8EhDtKjomicZKXlMJQIn484D5GhSd6FPcgl_mY2_GKv3SzRXcq7SBgg', 'width': 3464}]",ChIJ7ywPXWkWrjsROJGazHbfZhg,"{'compound_code': 'XHPR+2J Bengaluru, Karnataka', 'global_code': '7J4VXHPR+2J'}",4.1,ChIJ7ywPXWkWrjsROJGazHbfZhg,"['park', 'tourist_attraction', 'point_of_interest', 'establishment']",7345.0,,tourist_attraction
37,CLOSED_TEMPORARILY,"175, Vinayaka Nagar, NGO Colony, Wilson Garden, Bengaluru, Karnataka 560027, India","{'location': {'lat': 12.9507819, 'lng': 77.5978192}, 'viewport': {'northeast': {'lat': 12.95211502989272, 'lng': 77.59915282989272}, 'southwest': {'lat': 12.94941537010728, 'lng': 77.59645317010728}}}",https://maps.gstatic.com/mapfiles/place_api/icons/generic_business-71.png,e76ebc91cae87ce79710166deecf555ef16537e6,Giant Kapok Tree,,"[{'height': 4608, 'html_attributions': ['<a href=""https://maps.google.com/maps/contrib/116788424473765928029"">rishab katrela</a>'], 'photo_reference': 'CmRaAAAAMAxjbwZFqS-rE8qXHnPj1LDlBYcQu5ScE5FT-AmewdgCyux68Y5U7LW2tbQHr9J2YbtKf8N-2Z7lXO3HvzGAXmg1zQQcewygI_TuExSBR9azGvsvubiVv9O_AU5opIjVEhBuzmn-fALrlW2V4RDtURg0GhTloftHGdYeHHh9xZ0Z11ghpQvVZQ', 'width': 2176}]",ChIJ_5fXyAoVrjsRu93n-_vpBRU,"{'compound_code': 'XH2X+84 Wilson Garden, Bengaluru, Karnataka', 'global_code': '7J4VXH2X+84'}",0.0,ChIJ_5fXyAoVrjsRu93n-_vpBRU,"['tourist_attraction', 'point_of_interest', 'establishment']",0.0,True,tourist_attraction
38,OPERATIONAL,"Sri T, Sankey Rd, High Grounds, Bengaluru, Karnataka 560001, India","{'location': {'lat': 12.9848665, 'lng': 77.5896341}, 'viewport': {'northeast': {'lat': 12.98627117989272, 'lng': 77.59117587989272}, 'southwest': {'lat': 12.98357152010728, 'lng': 77.58847622010727}}}",https://maps.gstatic.com/mapfiles/place_api/icons/school-71.png,2dfdaa4df1810b58a7eb1207cd95e317f11b4047,Jawaharlal Nehru Planetarium,{'open_now': False},"[{'height': 720, 'html_attributions': ['<a href=""https://maps.google.com/maps/contrib/110468387540783963932"">Debabrata Ghosh</a>'], 'photo_reference': 'CmRaAAAALPUsFuKOlDRA5ieYwi0zw9DdR9kH4FMBJJga-CcVw8QdGuJWzu7Kw5kQquVc9w12wlhKpkXdEAU4rHDHPDwEohzGvfvF0TbgSxJs9dhl68D1Qbr3zEanlwYAzFpR6KWOEhDSj9D0DjY6GUUchJttuidUGhStw7_faYoEW-3caV-DhH9VUlCC1w', 'width': 1280}]",ChIJH1ja7WsWrjsRNSg89ukafXU,"{'compound_code': 'XHMQ+WV Bengaluru, Karnataka', 'global_code': '7J4VXHMQ+WV'}",4.3,ChIJH1ja7WsWrjsRNSg89ukafXU,"['tourist_attraction', 'point_of_interest', 'establishment']",1360.0,,tourist_attraction
39,OPERATIONAL,"7, 12th Cross Rd, Lakshminarayanapuram, Rajajinagar, Bengaluru, Karnataka 560021, India","{'location': {'lat': 12.9920759, 'lng': 77.5612836}, 'viewport': {'northeast': {'lat': 12.99345702989272, 'lng': 77.56263692989272}, 'southwest': {'lat': 12.99075737010728, 'lng': 77.55993727010727}}}",https://maps.gstatic.com/mapfiles/place_api/icons/generic_business-71.png,5340f1b4d2a8703abd91ecbdc37737247639f373,Tourist Attraction,,,ChIJVQkyUjAWrjsRrNoOviO9dAw,"{'compound_code': 'XHR6+RG Rajajinagar, Bengaluru, Karnataka', 'global_code': '7J4VXHR6+RG'}",0.0,ChIJVQkyUjAWrjsRrNoOviO9dAw,"['point_of_interest', 'establishment']",0.0,,tourist_attraction
40,CLOSED_TEMPORARILY,"Msgr. F. Noronha Road, Shivaji Nagar, Bengaluru, Karnataka 560051, India","{'location': {'lat': 12.9844238, 'lng': 77.60428000000002}, 'viewport': {'northeast': {'lat': 12.98582277989272, 'lng': 77.60553592989272}, 'southwest': {'lat': 12.98312312010728, 'lng': 77.60283627010729}}}",https://maps.gstatic.com/mapfiles/place_api/icons/worship_general-71.png,b810ec6ed9e26fccd5327f17c1c2b55f1f27ec9f,"St. Mary's Basilica, Bengaluru",,"[{'height': 3024, 'html_attributions': ['<a href=""https://maps.google.com/maps/contrib/117627573730486169386"">soundar Pandiyan k</a>'], 'photo_reference': 'CmRaAAAAwR6zPRb8WtrvA8VpNxEPFRlvm3j4TG-fuil7PidJhIrKy4cmcX3iurnLhouadfTF_OzYrgrUeaE0R7XeO51XVIGT2DeWdgdwDIJS3qAChqAR7X42MbcHDhd5TbvgbVUZEhCntcyX1l2HBFcoM9CsgZYdGhQm27X54AKH3aruNPOMAA-36ZicNQ', 'width': 4032}]",ChIJ8VNf1mMWrjsRwsMEl564ksQ,"{'compound_code': 'XJM3+QP Shivaji Nagar, Bengaluru, Karnataka', 'global_code': '7J4VXJM3+QP'}",4.6,ChIJ8VNf1mMWrjsRwsMEl564ksQ,"['tourist_attraction', 'church', 'place_of_worship', 'point_of_interest', 'establishment']",9406.0,True,tourist_attraction
41,CLOSED_TEMPORARILY,"Kempegowda Nagar, Bengaluru, Karnataka 560019, India","{'location': {'lat': 12.9491058, 'lng': 77.5628825}, 'viewport': {'northeast': {'lat': 12.95045032989272, 'lng': 77.56422117989271}, 'southwest': {'lat': 12.94775067010728, 'lng': 77.56152152010728}}}",https://maps.gstatic.com/mapfiles/place_api/icons/generic_business-71.png,3a80a895c4b8622a0cc937d8b2e19c5242a750b9,Kempe Gowda Statue,,"[{'height': 2560, 'html_attributions': ['<a href=""https://maps.google.com/maps/contrib/101312722290880428870"">A Google User</a>'], 'photo_reference': 'CmRaAAAAK2ggp7VdbqD96b5kN28GBNazAhRDdAmZAaNA4XbotsOL09IouxQ5JFFkOcFoKuEyWT-RG9AUuU1Iv5M3i4cbWHMM63X0bdiCMd8JBllJYz62je7zbYdZVph69oA4xneFEhDMRtN5eDupT0kODpaZx5AbGhSLStaMWdR9n1FrMeCKxU-mP-2UCw', 'width': 1920}]",ChIJIxtu0H8VrjsR4sVk70GClKg,"{'compound_code': 'WHX7+J5 Kempegowda Nagar, Bengaluru, Karnataka', 'global_code': '7J4VWHX7+J5'}",5.0,ChIJIxtu0H8VrjsR4sVk70GClKg,"['tourist_attraction', 'point_of_interest', 'establishment']",2.0,True,tourist_attraction
42,OPERATIONAL,"Jayamahal, Fun World Complex, opposite TV Tower, J.C.Nagar, Bengaluru, Karnataka 560006, India","{'location': {'lat': 13.0057596, 'lng': 77.59206089999999}, 'viewport': {'northeast': {'lat': 13.00751162989272, 'lng': 77.59376847989272}, 'southwest': {'lat': 13.00481197010728, 'lng': 77.59106882010728}}}",https://maps.gstatic.com/mapfiles/place_api/icons/generic_business-71.png,67f68dc87697b34590ee84712bbbe1b6c591d748,Snow City,{'open_now': False},"[{'height': 3456, 'html_attributions': ['<a href=""https://maps.google.com/maps/contrib/115942754683047373071"">shubhangi</a>'], 'photo_reference': 'CmRaAAAAt1ITcC5wXQ0YNaoYBsJ1VlnbFBEpqb89P8rxGzYvwbFQEHwz-gY2ae6bPJc3VTMRcMx1MvFopsy6bVtwrKbi8IxNxaEP3W2SKum-5-JldjWBemR-nXWxP-Jdbe0sooMxEhDUrIGHOOyBAaHhHxBuf67BGhSSTX_cg1AGRt4a97CfBjxCToOxgA', 'width': 4608}]",ChIJNcKzmE4WrjsRW2a7MA-1Zrs,"{'compound_code': '2H4R+8R J.C.Nagar, Bengaluru, Karnataka', 'global_code': '7J5V2H4R+8R'}",3.9,ChIJNcKzmE4WrjsRW2a7MA-1Zrs,"['tourist_attraction', 'amusement_park', 'point_of_interest', 'establishment']",10240.0,,tourist_attraction
43,CLOSED_TEMPORARILY,"Raj Bhavan Rd, Vasanth Nagar, Bengaluru, Karnataka 560001, India","{'location': {'lat': 12.985431, 'lng': 77.59017159999999}, 'viewport': {'northeast': {'lat': 12.98673442989272, 'lng': 77.59146132989271}, 'southwest': {'lat': 12.98403477010728, 'lng': 77.58876167010727}}}",https://maps.gstatic.com/mapfiles/place_api/icons/museum-71.png,8c8d20b032ded7fe987f5a01ad266fe84879df3a,Indian Military Museum,,"[{'height': 3496, 'html_attributions': ['<a href=""https://maps.google.com/maps/contrib/110357284676988316840"">SHASHANK SN</a>'], 'photo_reference': 'CmRaAAAAXA2BwoqWsyJY-ql33Z-pyupjnVCjg9CnfRRUO7jtIWIKG0Z1jOHNoi369VcFopuTRyRQUfPfPHdlh0jh5P-NJUvB-IP7CnwnNLBVO7jnN1GINtThHU7gEhVtotXbcQTKEhBQBVIgqdkK-VlsuRG9zSV1GhRHpFzxix6E5KHG8PC5dDRDNbVb2w', 'width': 4656}]",ChIJXx3q3WsWrjsR_Qw3odPlMXM,"{'compound_code': 'XHPR+53 Vasanth Nagar, Bengaluru, Karnataka', 'global_code': '7J4VXHPR+53'}",4.4,ChIJXx3q3WsWrjsR_Qw3odPlMXM,"['museum', 'tourist_attraction', 'point_of_interest', 'establishment']",87.0,True,tourist_attraction
44,CLOSED_TEMPORARILY,"Nagereshwara Naganahalli, Bengaluru, Karnataka 560064, India","{'location': {'lat': 13.1308856, 'lng': 77.5741212}, 'viewport': {'northeast': {'lat': 13.13222382989272, 'lng': 77.57550642989271}, 'southwest': {'lat': 13.12952417010728, 'lng': 77.57280677010728}}}",https://maps.gstatic.com/mapfiles/place_api/icons/generic_business-71.png,7fae87ef6c46de93d630c7bb166da81b0b285a3f,Accomodation Management,,"[{'height': 1080, 'html_attributions': ['<a href=""https://maps.google.com/maps/contrib/103672976354236356286"">A Google User</a>'], 'photo_reference': 'CmRaAAAAERZJDqVI3YfDh5J01djzI356EjBQop3fDR4laZZxAvPDdN6tjGe6Th49PbOUmwTQs4aKBIKVQxw93xx2MZt_0p2Z-TEzNxn1Ruknqh_f69SNQPUHtwWYcAfpiwU4Pa1aEhBCHH5elxxY7OVRSeZwqAXsGhQGHFcnQlMO7yyXTO0HwmObbJQrNQ', 'width': 1920}]",ChIJe9RE6zcZrjsRFz-i0WOrptE,"{'compound_code': '4HJF+9J Bengaluru, Karnataka', 'global_code': '7J5V4HJF+9J'}",0.0,ChIJe9RE6zcZrjsRFz-i0WOrptE,"['tourist_attraction', 'point_of_interest', 'establishment']",0.0,True,tourist_attraction
45,CLOSED_TEMPORARILY,"Akshaya Residency, Akshayanagar, Bengaluru, Karnataka 560076, India","{'location': {'lat': 12.8708564, 'lng': 77.6224697}, 'viewport': {'northeast': {'lat': 12.87238227989272, 'lng': 77.62415632989271}, 'southwest': {'lat': 12.86968262010728, 'lng': 77.62145667010728}}}",https://maps.gstatic.com/mapfiles/place_api/icons/generic_business-71.png,520eb3fef75592793e151e148000cbcf0688f1a4,Begur Fort,,"[{'height': 1440, 'html_attributions': ['<a href=""https://maps.google.com/maps/contrib/107252928927164325699"">下浦拓二</a>'], 'photo_reference': 'CmRaAAAAh3HpEksxFypndp6ePBauzKkUtJbOAoygXJRooXmPQLgCb62klyGrlTBSWGkl3AYFpiTKdytfPX19LQdf3BrIgG-ceJ77b7rEmqx3ELKhQkrd_trCUcv-uczwp18O2FHzEhDGxJ0gJ4DWhvj6E_VQ8A47GhSv_JO06rxunS4AzABpy-0aRs7uKw', 'width': 1920}]",ChIJv35GEjFrrjsR2GvyZCqWRrI,"{'compound_code': 'VJCC+8X Akshayanagar, Bengaluru, Karnataka', 'global_code': '7J4VVJCC+8X'}",3.8,ChIJv35GEjFrrjsR2GvyZCqWRrI,"['tourist_attraction', 'point_of_interest', 'establishment']",747.0,True,tourist_attraction
46,OPERATIONAL,"4th Cross Road, CMR Rd, HRBR Layout 2nd Block, Bengaluru, Karnataka 560043, India","{'location': {'lat': 13.0211492, 'lng': 77.64242759999999}, 'viewport': {'northeast': {'lat': 13.02248207989272, 'lng': 77.64377307989272}, 'southwest': {'lat': 13.01978242010728, 'lng': 77.64107342010728}}}",https://maps.gstatic.com/mapfiles/place_api/icons/generic_business-71.png,b413709737eb2186e251e349e5d1511402d915f9,Selfie point,{'open_now': True},,ChIJtUhqBooXrjsRvEBh-_EGl8s,"{'compound_code': '2JCR+FX Bengaluru, Karnataka', 'global_code': '7J5V2JCR+FX'}",4.0,ChIJtUhqBooXrjsRvEBh-_EGl8s,"['tourist_attraction', 'point_of_interest', 'establishment']",1.0,,tourist_attraction
47,CLOSED_TEMPORARILY,"Agram, Bengaluru, Karnataka 560007, India","{'location': {'lat': 12.9621837, 'lng': 77.62836829999999}, 'viewport': {'northeast': {'lat': 12.96355302989272, 'lng': 77.62974492989271}, 'southwest': {'lat': 12.96085337010728, 'lng': 77.62704527010727}}}",https://maps.gstatic.com/mapfiles/place_api/icons/generic_business-71.png,48dc49410aa4395acc9136a07927cc7a10702fd8,Main Battle Tank Vijayanta,,"[{'height': 2112, 'html_attributions': ['<a href=""https://maps.google.com/maps/contrib/117062324885410019025"">Oleg Tews</a>'], 'photo_reference': 'CmRaAAAAz2YkK2ifVwAohoJNnTom2y8RSxQPgpjBlWppFv76VOGZHWSHZ28BoaOOxswxvIjO6CEaQXbxlXQvEM6styeLbpYWpqMsRMEFzrGSmC7fpkzekHHjTRFd5y-YlrPrsQYOEhA34idykxX07Xh43jIogD1nGhQryyvnhCd70TXlDVYdeNf_mPVEWg', 'width': 2816}]",ChIJI-PUJnUVrjsRIlcxzCs4Nqs,"{'compound_code': 'XJ6H+V8 Agram, Bengaluru, Karnataka', 'global_code': '7J4VXJ6H+V8'}",4.5,ChIJI-PUJnUVrjsRIlcxzCs4Nqs,"['tourist_attraction', 'point_of_interest', 'establishment']",4.0,True,tourist_attraction
48,CLOSED_TEMPORARILY,"Maruti Complex, #20,3Rd Floor, 1st Main Rd, Bengaluru, Karnataka 560040, India","{'location': {'lat': 12.9662356, 'lng': 77.5789838}, 'viewport': {'northeast': {'lat': 12.96755412989272, 'lng': 77.58032167989273}, 'southwest': {'lat': 12.96485447010728, 'lng': 77.57762202010728}}}",https://maps.gstatic.com/mapfiles/place_api/icons/generic_business-71.png,31f54c0ef256d2ecfd99055ef576ebdbae503fb9,Safari Tours & Travels,,,ChIJeV4jYho9rjsRPVszdik39o8,"{'compound_code': 'XH8H+FH Bengaluru, Karnataka', 'global_code': '7J4VXH8H+FH'}",1.0,ChIJeV4jYho9rjsRPVszdik39o8,"['tourist_attraction', 'point_of_interest', 'establishment']",1.0,True,tourist_attraction
49,CLOSED_TEMPORARILY,"Kristal Olivine Pathway, Bellandur, Bengaluru, Karnataka 560103, India","{'location': {'lat': 12.9262107, 'lng': 77.6748296}, 'viewport': {'northeast': {'lat': 12.92755872989272, 'lng': 77.67617922989271}, 'southwest': {'lat': 12.92485907010728, 'lng': 77.67347957010728}}}",https://maps.gstatic.com/mapfiles/place_api/icons/generic_business-71.png,cee79e56681e5c882eee8d2b6d161c7bef7825e5,Bellandur Gate,,,ChIJywnvIvITrjsRaFHM95Oa7EI,"{'compound_code': 'WMGF+FW Bellandur, Bengaluru, Karnataka', 'global_code': '7J4VWMGF+FW'}",0.0,ChIJywnvIvITrjsRaFHM95Oa7EI,"['tourist_attraction', 'point_of_interest', 'establishment']",0.0,True,tourist_attraction
50,CLOSED_TEMPORARILY,"190, 7th Cross Rd, KAS Officers Colony, Stage 2, BTM Layout, Bengaluru, Karnataka 560068, India","{'location': {'lat': 12.9122789, 'lng': 77.62035519999999}, 'viewport': {'northeast': {'lat': 12.91374972989272, 'lng': 77.62170102989272}, 'southwest': {'lat': 12.91105007010728, 'lng': 77.61900137010728}}}",https://maps.gstatic.com/mapfiles/place_api/icons/generic_business-71.png,11de5c359eb0e5f99c42a3c7797d1e7cb4bde7bc,BTM lake front,,"[{'height': 480, 'html_attributions': ['<a href=""https://maps.google.com/maps/contrib/104368313201980093051"">Athif Ak</a>'], 'photo_reference': 'CmRaAAAA2uyliBEWryTNFeClHWV7hnHnR0KsBBPUJlCXoXmDpeP4bMQVNtAgyxY3JP9QfSdWpu82lRZT-0oA25Te2LuGq8e__wkBvTi0AhgSTMVlUKGbCi0M8GJcVjkZkWUe_iAnEhC1es6tqA6Ca3ayCDwXSGEIGhQppg_WmiZekun2uz6oSn3dVp-3rQ', 'width': 640}]",ChIJFTi-Q-IVrjsRy7iP7PfWO4s,"{'compound_code': 'WJ6C+W4 BTM Layout, Bengaluru, Karnataka', 'global_code': '7J4VWJ6C+W4'}",5.0,ChIJFTi-Q-IVrjsRy7iP7PfWO4s,"['tourist_attraction', 'point_of_interest', 'establishment']",1.0,True,tourist_attraction
51,OPERATIONAL,"No 97, HAL Old Airport Rd, Murugesh Pallya, Nanja Reddy Colony, Jeevan Bima Nagar, Bengaluru, Karnataka 560017, India","{'location': {'lat': 12.958333, 'lng': 77.656531}, 'viewport': {'northeast': {'lat': 12.95955507989272, 'lng': 77.65790472989272}, 'southwest': {'lat': 12.95685542010728, 'lng': 77.65520507010727}}}",https://maps.gstatic.com/mapfiles/place_api/icons/generic_business-71.png,912320f2eef45ab16a963ab1c6a29660e4aebcc2,Tourist Attraction,,,ChIJiRGvDwUUrjsRplo1sBnnQvU,"{'compound_code': 'XM54+8J Jeevan Bima Nagar, Bengaluru, Karnataka', 'global_code': '7J4VXM54+8J'}",0.0,ChIJiRGvDwUUrjsRplo1sBnnQvU,"['point_of_interest', 'establishment']",0.0,,tourist_attraction
52,OPERATIONAL,"Kankanpalya Road, 2nd Block, Mavalli, Bengaluru, Karnataka 560004, India","{'location': {'lat': 12.9436943, 'lng': 77.5852105}, 'viewport': {'northeast': {'lat': 12.94505857989272, 'lng': 77.58662472989272}, 'southwest': {'lat': 12.94235892010728, 'lng': 77.58392507010728}}}",https://maps.gstatic.com/mapfiles/place_api/icons/generic_business-71.png,3ebadc2e34ba928a6ae75a8726f684e18a82b73e,Ashoka Pillar Monument,{'open_now': True},"[{'height': 2299, 'html_attributions': ['<a href=""https://maps.google.com/maps/contrib/101394726119380490041"">santosh reddy</a>'], 'photo_reference': 'CmRaAAAAqQKCIubsR22G4gXxADRTfB7cS9RioXFIK1byybgrI__khVaTAXLeUqhD-N2TLju80S2aoeSi4BCjYHbsG4PQPpqKAJ_uWs5yzV9Hmhgq3KmxmcJapW-9vHBKcu_dJI-YEhDIh9yLGs7JKx6lmAR-UeRIGhTB3At7vLi2pm5Ba64XdWiZiMIq2A', 'width': 1960}]",ChIJK5UVK5UVrjsRMFgrDKedF5E,"{'compound_code': 'WHVP+F3 Bengaluru, Karnataka', 'global_code': '7J4VWHVP+F3'}",4.5,ChIJK5UVK5UVrjsRMFgrDKedF5E,"['tourist_attraction', 'point_of_interest', 'establishment']",3058.0,,tourist_attraction
53,CLOSED_TEMPORARILY,"Cubbon Rd, Shivaji Nagar, Bengaluru, Karnataka 560001, India","{'location': {'lat': 12.9771738, 'lng': 77.6038475}, 'viewport': {'northeast': {'lat': 12.9792336, 'lng': 77.60543322989272}, 'southwest': {'lat': 12.9764872, 'lng': 77.60273357010728}}}",https://maps.gstatic.com/mapfiles/place_api/icons/generic_recreational-71.png,4297b7faceee00e6c901dbf90b88cfe18a50d106,Cariappa Memorial Park,,"[{'height': 768, 'html_attributions': ['<a href=""https://maps.google.com/maps/contrib/106964971603056060622"">durjoy ghose</a>'], 'photo_reference': 'CmRaAAAAn9QniN5ygI_Rcmfz9J-W8i8k9uaBcIbkk_bcURIRQHo7DFnsmpvF8lMe6EotqTX-iWcOlcihr7mLK5_oeGl4dTQqvLNKFoXU1PAlYpwGNVp5KsIP_WDFYF55uKcgtua0EhD6afc25O7fuBRXXhc6LxSzGhRgwc4Kut5nt_pheENwOHPu712zpw', 'width': 1024}]",ChIJg7jFwXwWrjsR9Vs5rGnsFzI,"{'compound_code': 'XJG3+VG Shivaji Nagar, Bengaluru, Karnataka', 'global_code': '7J4VXJG3+VG'}",3.7,ChIJg7jFwXwWrjsR9Vs5rGnsFzI,"['park', 'tourist_attraction', 'point_of_interest', 'establishment']",78.0,True,tourist_attraction
54,CLOSED_TEMPORARILY,"ALR Traders, 6th Cross Rd, 6th Block, Koramangala, Bengaluru, Karnataka 560095, India","{'location': {'lat': 12.9367696, 'lng': 77.6246678}, 'viewport': {'northeast': {'lat': 12.93816502989272, 'lng': 77.62608077989272}, 'southwest': {'lat': 12.93546537010728, 'lng': 77.62338112010728}}}",https://maps.gstatic.com/mapfiles/place_api/icons/generic_business-71.png,2c15b1f74ae0103ddb42cd39ff0b7f15b3727f9e,Padhaaro,,,ChIJNWy9nEQUrjsRVpDeMu6YsE8,"{'compound_code': 'WJPF+PV Koramangala, Bengaluru, Karnataka', 'global_code': '7J4VWJPF+PV'}",0.0,ChIJNWy9nEQUrjsRVpDeMu6YsE8,"['tourist_attraction', 'point_of_interest', 'establishment']",0.0,True,tourist_attraction
55,CLOSED_TEMPORARILY,"Ramakrishna Ashrama Cir, Gandhi Bazaar, Basavanagudi, Bengaluru, Karnataka 560004, India","{'location': {'lat': 12.9479529, 'lng': 77.5678801}, 'viewport': {'northeast': {'lat': 12.94935067989272, 'lng': 77.56932552989271}, 'southwest': {'lat': 12.94665102010728, 'lng': 77.56662587010727}}}",https://maps.gstatic.com/mapfiles/place_api/icons/generic_business-71.png,dea4c63ea0bc3512aa20d433b3e0fc5b741f425a,Ramakrishna Ashrama Circle,,"[{'height': 1015, 'html_attributions': ['<a href=""https://maps.google.com/maps/contrib/117894841294603485299"">A Google User</a>'], 'photo_reference': 'CmRaAAAA2qGfgtIlRY-K3E5iMdgdgZ0PLiBMXlxIo6tHm51KywBUwZgsHPD4QnfDyhUZCj7vGkaFb9zQF7s5LaIIXXhpbCnLMn9UqcQuxUaRiMZBSsuOOZ1ZT9cGxUCdz_39OUohEhBjYyQnep-uFQ8Iz0UoqW-iGhQd6SUAAaRt5OQoAFFDCI71fNHc8A', 'width': 2041}]",ChIJA6OrVWIVrjsRYWnQbv_DRaU,"{'compound_code': 'WHX9+55 Bengaluru, Karnataka', 'global_code': '7J4VWHX9+55'}",4.3,ChIJA6OrVWIVrjsRYWnQbv_DRaU,"['tourist_attraction', 'point_of_interest', 'establishment']",30.0,True,tourist_attraction
56,OPERATIONAL,"No. 198, Sarjapur Main Rd, Madiwala, 1st Stage, BTM Layout, Bengaluru, Karnataka 560034, India","{'location': {'lat': 12.9249848, 'lng': 77.6270639}, 'viewport': {'northeast': {'lat': 12.92636362989272, 'lng': 77.62842627989272}, 'southwest': {'lat': 12.92366397010728, 'lng': 77.62572662010727}}}",https://maps.gstatic.com/mapfiles/place_api/icons/generic_business-71.png,cc55717d967ab849f3867614e3dd98745925a580,Tourist Attraction,,,ChIJoZAuSBITrjsREfmugrOjdiE,"{'compound_code': 'WJFG+XR BTM Layout, Bengaluru, Karnataka', 'global_code': '7J4VWJFG+XR'}",0.0,ChIJoZAuSBITrjsREfmugrOjdiE,"['point_of_interest', 'establishment']",0.0,,tourist_attraction
57,CLOSED_TEMPORARILY,"Rashtriya Vidyalaya Rd, Jayanagar, Bengaluru, Karnataka 560041, India","{'location': {'lat': 12.9344251, 'lng': 77.57982350000002}, 'viewport': {'northeast': {'lat': 12.93537102989272, 'lng': 77.58126342989272}, 'southwest': {'lat': 12.93267137010728, 'lng': 77.57856377010728}}}",https://maps.gstatic.com/mapfiles/place_api/icons/generic_recreational-71.png,ab5e4ff04cbb90f8925e22010d4d2c65a00ec3ec,Ranadheera Kanteerava Park,,"[{'height': 1080, 'html_attributions': ['<a href=""https://maps.google.com/maps/contrib/108093205234081871975"">PsychInsight</a>'], 'photo_reference': 'CmRaAAAAJMfmlckZDJ16_NirX7EBEQDNZWmBEka2IpjWdnIyG6kbC3IX4e-V32MZ-i-DS9ogrWtVWdW6xcXvYuElBJtJbDUsrMcf9VxeDMhfLekNbj99Mh5y2jjlhmdT8tU5HEbeEhDIaSO9dLJ3DjoFu72_fVp_GhROolyU8MT1sI7ryvvOEVkStWS7ww', 'width': 1920}]",ChIJTeAgMJcVrjsRSUCI3unhuIQ,"{'compound_code': 'WHMH+QW Jayanagar, Bengaluru, Karnataka', 'global_code': '7J4VWHMH+QW'}",4.5,ChIJTeAgMJcVrjsRSUCI3unhuIQ,"['park', 'tourist_attraction', 'point_of_interest', 'establishment']",2735.0,True,tourist_attraction
58,CLOSED_TEMPORARILY,"30/A, Nrupathunga Rd, Ambedkar Veedhi, Sampangi Rama Nagar, Bengaluru, Karnataka 560001, India","{'location': {'lat': 12.9768354, 'lng': 77.5988017}, 'viewport': {'northeast': {'lat': 12.97812142989272, 'lng': 77.60011862989272}, 'southwest': {'lat': 12.97542177010728, 'lng': 77.59741897010727}}}",https://maps.gstatic.com/mapfiles/place_api/icons/generic_business-71.png,1fb174039b14469ed95c0e06763b571d042272db,Queen Victoria Statue,,"[{'height': 4608, 'html_attributions': ['<a href=""https://maps.google.com/maps/contrib/106324461222310225793"">Sajjan Sangai</a>'], 'photo_reference': 'CmRaAAAARDvbAElnxfzbOPb-CF64A6ESjXu6nTnP9cT_hvNceKfD27di09MOTiY7SBu_oyLtgMGW2rhI_pWS6GCDuWdAj_nAasIi4W-MvaaE2TTHVBBbSRMME6m6edTEKaB1zm5QEhDHkW1jX-HlPogKrkTVeanJGhTyQ5INjXS030SVCvg0YiXNdxt7Eg', 'width': 3456}]",ChIJt1dr5HoWrjsRZTh4sE2NHFU,"{'compound_code': 'XHGX+PG Bengaluru, Karnataka', 'global_code': '7J4VXHGX+PG'}",4.4,ChIJt1dr5HoWrjsRZTh4sE2NHFU,"['tourist_attraction', 'point_of_interest', 'establishment']",101.0,True,tourist_attraction
59,OPERATIONAL,"Bazaar Street, Rose Garden, Vannarpet Layout, Viveka Nagar, Bengaluru, Karnataka 560047, India","{'location': {'lat': 12.9536733, 'lng': 77.61876769999999}, 'viewport': {'northeast': {'lat': 12.95472842989272, 'lng': 77.62009892989272}, 'southwest': {'lat': 12.95202877010728, 'lng': 77.61739927010727}}}",https://maps.gstatic.com/mapfiles/place_api/icons/worship_general-71.png,1fe5af6c1c752a9f28d2115c4ff84c26ab4ebd33,Infant Jesus Church,{'open_now': True},"[{'height': 3246, 'html_attributions': ['<a href=""https://maps.google.com/maps/contrib/115081224772387587938"">Aldrin AR Thivyanathan</a>'], 'photo_reference': 'CmRaAAAAgzUUkF-FV8-p9LIuju_A-U_kM0bTFnlB0H7h6W14Ik73zH2O745Ckhsrmf5-jDIBNeT60M_nNy51kXCv9PSG5cI2InlGn2jJiGAUX79cl5TkPTXJmrm_qkiQV6-zAQWjEhDYk9l_NDzuhVwsAxuE2_ciGhQRu18THTgxFMyBurVwqtxZIvJpMQ', 'width': 4849}]",ChIJlTBafjoUrjsRc99a3-6HCY4,"{'compound_code': 'XJ39+FG Viveka Nagar, Bengaluru, Karnataka', 'global_code': '7J4VXJ39+FG'}",4.7,ChIJlTBafjoUrjsRc99a3-6HCY4,"['tourist_attraction', 'church', 'place_of_worship', 'point_of_interest', 'establishment']",8229.0,,tourist_attraction
