,business_status,formatted_address,geometry,icon,id,name,permanently_closed,photos,place_id,plus_code,rating,reference,types,user_ratings_total,opening_hours,tag
0,CLOSED_TEMPORARILY,"Gorkha Nagar, Jammu, Jammu and Kashmir 180006","{'location': {'lat': 32.7243731, 'lng': 74.8775524}, 'viewport': {'northeast': {'lat': 32.72572292989272, 'lng': 74.87890222989273}, 'southwest': {'lat': 32.72302327010728, 'lng': 74.87620257010728}}}",https://maps.gstatic.com/mapfiles/place_api/icons/generic_recreational-71.png,a6e2a00280059ebeffa8f67a387cde80f1e6bff7,Bagh - E - Bahu,True,"[{'height': 3264, 'html_attributions': ['<a href=""https://maps.google.com/maps/contrib/107731416087464769203"">mr.ambeshtiwari</a>'], 'photo_reference': 'CmRaAAAAwzTmJEW0Ojy_u7vgfpDnw-6J4ieagy7j5slT3zKvJZOhaf_mCslQwyhx4dlORPZ0EMfBysrQr1gY-b5Z6mMTKP7oSR7fr_eLqzeV08EDIwqWi8YUkMHlc7LEZEd6B9SqEhB03LH6sjDK2NvTPmojWlkrGhRPV8sEY3ZH3ATPeGR4aXgLHrgLiA', 'width': 2448}]",ChIJiVjIOmODHjkRODdLsAO2QyY,"{'compound_code': 'PVFH+P2 Jammu, Jammu and Kashmir', 'global_code': '8J4PPVFH+P2'}",4.2,ChIJiVjIOmODHjkRODdLsAO2QyY,"['park', 'point_of_interest', 'establishment']",7556.0,,tourist_attraction
1,OPERATIONAL,"Fatthu Chaugan, Pakki Dhaki, Old Heritage City, Jammu, Jammu and Kashmir 180001","{'location': {'lat': 32.7304879, 'lng': 74.8619721}, 'viewport': {'northeast': {'lat': 32.73151882989272, 'lng': 74.86321862989273}, 'southwest': {'lat': 32.72881917010728, 'lng': 74.86051897010728}}}",https://maps.gstatic.com/mapfiles/place_api/icons/worship_hindu-71.png,62acd4b689077d43dccb42d09d1fc4eb23014a1f,Shree Raghunath Ji Temple,,"[{'height': 3024, 'html_attributions': ['<a href=""https://maps.google.com/maps/contrib/116317600422276196501"">Atul Anand Pandey</a>'], 'photo_reference': 'CmRaAAAArS4EdrZBl9lXzFJq-C77iU2tkyxs5bQSYVV81v3fZO40-BFop7mEkpNJGPUaEXFvnZwlFpmcbmQEDAYPpJ48SFfIZtE0LrV492rEYrlisTJG2cdwpcni8WNMJuW42H5qEhDof2qGXLJTei7n5A1erBbwGhT_DZKtZ35S9h-901cvlhW5D17lvg', 'width': 4032}]",ChIJLeKLyICEHjkRAzFq3kd8vEU,"{'compound_code': 'PVJ6+5Q Old Heritage City, Jammu, Jammu and Kashmir', 'global_code': '8J4PPVJ6+5Q'}",4.4,ChIJLeKLyICEHjkRAzFq3kd8vEU,"['hindu_temple', 'tourist_attraction', 'place_of_worship', 'point_of_interest', 'establishment']",4287.0,,tourist_attraction
2,CLOSED_TEMPORARILY,"Palace Road, Karan Nagar, Jammu Tawi, Jammu, Jammu and Kashmir 180001","{'location': {'lat': 32.7477098, 'lng': 74.8722927}, 'viewport': {'northeast': {'lat': 32.74903157989272, 'lng': 74.87353742989272}, 'southwest': {'lat': 32.74633192010727, 'lng': 74.87083777010727}}}",https://maps.gstatic.com/mapfiles/place_api/icons/museum-71.png,3077fbf6e3eb3942cb382784b4b0c682d2decb59,Amar Mahal Museum and Library,True,"[{'height': 2766, 'html_attributions': ['<a href=""https://maps.google.com/maps/contrib/114885487034263057803"">manish</a>'], 'photo_reference': 'CmRZAAAADyNkGbg-6AJlkhzr7h7XfhCD3JFkBg0Nq5znche7Jz_QlXEYlecAm9ty_pUu2fUucstr8bX8WMFwQeV3VdQf9bwENPeU36Rnte4McOijc-y3V8owzwhW7iyE4W0WOj75EhCahva97a-qv2lMDgYKC4X5GhR4SOz1S-d0His6S7-7UKHfKxj21Q', 'width': 3689}]",ChIJDwO0i3eEHjkRvKQdnhrl67I,"{'compound_code': 'PVXC+3W Jammu, Jammu and Kashmir', 'global_code': '8J4PPVXC+3W'}",4.4,ChIJDwO0i3eEHjkRvKQdnhrl67I,"['museum', 'library', 'tourist_attraction', 'point_of_interest', 'establishment']",274.0,,tourist_attraction
3,OPERATIONAL,shalamar Road near ciivil secretariat,"{'location': {'lat': 32.734831, 'lng': 74.86430059999999}, 'viewport': {'northeast': {'lat': 32.73595017989272, 'lng': 74.86573592989272}, 'southwest': {'lat': 32.73325052010727, 'lng': 74.86303627010727}}}",https://maps.gstatic.com/mapfiles/place_api/icons/worship_hindu-71.png,917991309d1a1b8ac8105b00e4b3a261a84e9d32,Ranbireshwar Temple,,"[{'height': 440, 'html_attributions': ['<a href=""https://maps.google.com/maps/contrib/116030049411515796324"">Amrit Rathore</a>'], 'photo_reference': 'CmRaAAAAxh4zZ-4K1N-56KGlPlEDgQkclkUHnQgkkZNihZm-xnsJceLQUZM_qYlmeSwWWesPle15FbqTY8yTAgNFb_Qe-YcRrTkzuJ2-hOKyfsG0QW5liVtPrj8j0NA5wUwf4locEhAQNuHIyHe4FO-mLVsKFBlWGhQjHEU1LOkmL3CgfJAsq1BDeogDWA', 'width': 660}]",ChIJayfTkJGEHjkR5vyhLBMMALA,"{'compound_code': 'PVM7+WP Jammu, Jammu and Kashmir', 'global_code': '8J4PPVM7+WP'}",4.5,ChIJayfTkJGEHjkR5vyhLBMMALA,"['hindu_temple', 'tourist_attraction', 'place_of_worship', 'point_of_interest', 'establishment']",826.0,{'open_now': True},tourist_attraction
4,OPERATIONAL,"Jammu, Jammu and Kashmir 180017","{'location': {'lat': 32.73056, 'lng': 74.89059519999999}, 'viewport': {'northeast': {'lat': 32.73185082989272, 'lng': 74.89198017989273}, 'southwest': {'lat': 32.72915117010728, 'lng': 74.88928052010728}}}",https://maps.gstatic.com/mapfiles/place_api/icons/worship_hindu-71.png,3454e6f8cf5f909390ee14ed1f0aa62a79ed09e6,Maha Maya Temple,,"[{'height': 336, 'html_attributions': ['<a href=""https://maps.google.com/maps/contrib/107921733310246436926"">Rekha Chowdhary</a>'], 'photo_reference': 'CmRaAAAAVX7O98atTyPHwcMhjeDZvdLOKC0QwCrq1PF43-dR1rSX2EJ8F_ASWuLjZa8obJeFhu_7khYFP-LCH1TUj8gIOKndTQg4S2pTX1B2JQlgD6rBc3cACElmC5KoRXCKpJI_EhAcD5A5nEmediYjygLISo8lGhSH1Q3UZCr4Uhr_4DfzmsOOnlTnGA', 'width': 480}]",ChIJyQ52dnGDHjkRZLlIoSzhHF0,"{'compound_code': 'PVJR+66 Jammu, Jammu and Kashmir', 'global_code': '8J4PPVJR+66'}",4.7,ChIJyQ52dnGDHjkRZLlIoSzhHF0,"['hindu_temple', 'tourist_attraction', 'place_of_worship', 'point_of_interest', 'establishment']",278.0,,tourist_attraction
5,OPERATIONAL,"Panjtirthi, Jammu, Jammu and Kashmir 180001","{'location': {'lat': 32.73877, 'lng': 74.874938}, 'viewport': {'northeast': {'lat': 32.74008117989272, 'lng': 74.87622512989272}, 'southwest': {'lat': 32.73738152010728, 'lng': 74.87352547010727}}}",https://maps.gstatic.com/mapfiles/place_api/icons/museum-71.png,f97e47e5863085265ae33d863971da9e63e30d4b,Dogra Art Museum,,"[{'height': 2448, 'html_attributions': ['<a href=""https://maps.google.com/maps/contrib/113883262591504136253"">Hemal SOLANKI</a>'], 'photo_reference': 'CmRaAAAA3tUgLaK7OHeCa6MqtzJbqrTmQI2knDxc8x2E4Bi8X9KuFvRXFwHGU5-CTD2qy0Asg1qTLuxvHkwGe3Mktivv9gQB1ifQo-XHphAomJPk7gdlb7bYe2KZzgDfWs6bflmfEhDa1Nk3ayP-J6AQPk8u2HZ0GhSPp5maviDSdKqZT5gynckz5-Fe3w', 'width': 5120}]",ChIJNQK1b4CDHjkRb-68QWX1sZg,"{'compound_code': 'PVQF+GX Panjtirthi, Jammu, Jammu and Kashmir', 'global_code': '8J4PPVQF+GX'}",4.2,ChIJNQK1b4CDHjkRb-68QWX1sZg,"['tourist_attraction', 'museum', 'point_of_interest', 'establishment']",161.0,{'open_now': False},tourist_attraction
6,CLOSED_TEMPORARILY,"Panjtirthi, Jammu, Jammu and Kashmir 180001","{'location': {'lat': 32.7393379, 'lng': 74.8745093}, 'viewport': {'northeast': {'lat': 32.74063802989272, 'lng': 74.87578292989272}, 'southwest': {'lat': 32.73793837010727, 'lng': 74.87308327010727}}}",https://maps.gstatic.com/mapfiles/place_api/icons/museum-71.png,a15a83edf64b6b642ee734dd2c370ccc3bbb8acc,Mubarak Mandi Heritage Complex,True,"[{'height': 3265, 'html_attributions': ['<a href=""https://maps.google.com/maps/contrib/100772665292806761705"">Sri Harsha</a>'], 'photo_reference': 'CmRaAAAAbbxL6w0vbjqyUdmcAvI4Om7pegLamMVjTqt6UpuBj7yVnFIKAo3-oSruJXndaKZCgVpHYWR4RK18hxCHWksGu6XXF9QM-74YOI2ypVlq7thB35COmnaPRBgb-X0uqSIjEhDTKS95vM1_f7kDRXED5roGGhQ0yD_hDjTezOBQPKJaij9BzcwEkQ', 'width': 4898}]",ChIJnR3seoCDHjkRP276FyVpLXU,"{'compound_code': 'PVQF+PR Jammu, Jammu and Kashmir', 'global_code': '8J4PPVQF+PR'}",4.1,ChIJnR3seoCDHjkRP276FyVpLXU,"['museum', 'point_of_interest', 'establishment']",2077.0,,tourist_attraction
7,OPERATIONAL,"opposite Bahu Plaza, Extension, Gandhi Nagar, Jammu, Jammu and Kashmir 180004","{'location': {'lat': 32.7034688, 'lng': 74.8717776}, 'viewport': {'northeast': {'lat': 32.70486692989272, 'lng': 74.87326872989271}, 'southwest': {'lat': 32.70216727010727, 'lng': 74.87056907010727}}}",https://maps.gstatic.com/mapfiles/place_api/icons/lodging-71.png,caa9f18375c53e4af667b4e7c84f1ebb40c5af25,Country Inn & Suites by Radisson Jammu,,"[{'height': 3120, 'html_attributions': ['<a href=""https://maps.google.com/maps/contrib/114126468042609453759"">A Google User</a>'], 'photo_reference': 'CmRaAAAAXWDVkjn2oBNoJo3K-UMWigWHVfa_ClM87qLsfVL_lDQekndJ49nw5BtKFB2wYbkCqkINsRfB7UYJ2CEFRQC0bJrnRAZQ7HWwmk4mowO4RCS9oPlcE4x6SjTR-aL5NKj6EhBscMg7u7ESHEA52cMXebWgGhTah4QY_7nF98YB6w97wnifNZK0EQ', 'width': 4160}]",ChIJf4XeyKeEHjkRb8F-FEtjJ9k,"{'compound_code': 'PV3C+9P Gandhi Nagar, Jammu, Jammu and Kashmir', 'global_code': '8J4PPV3C+9P'}",4.0,ChIJf4XeyKeEHjkRb8F-FEtjJ9k,"['lodging', 'point_of_interest', 'establishment']",962.0,{'open_now': True},tourist_attraction
8,OPERATIONAL,"Ward no 58, New Dashmesh Nagar, Jammu, Jammu and Kashmir 180010","{'location': {'lat': 32.6856701, 'lng': 74.853055}, 'viewport': {'northeast': {'lat': 32.68691457989271, 'lng': 74.85429447989272}, 'southwest': {'lat': 32.68421492010727, 'lng': 74.85159482010728}}}",https://maps.gstatic.com/mapfiles/place_api/icons/generic_business-71.png,a27a9d8af0f0ae5276cf9024de825ae74ea2a87f,Jammu Travels,,,ChIJ4_piSfSbHjkReqGboYniULg,"{'compound_code': 'MVP3+76 Jammu, Jammu and Kashmir', 'global_code': '8J4PMVP3+76'}",0.0,ChIJ4_piSfSbHjkReqGboYniULg,"['point_of_interest', 'establishment']",0.0,,tourist_attraction
9,OPERATIONAL,"Radisson Square, Bala, Bypass Road, Narwal, Jammu, Jammu and Kashmir 180006","{'location': {'lat': 32.7165736, 'lng': 74.8902341}, 'viewport': {'northeast': {'lat': 32.71797667989272, 'lng': 74.89177122989274}, 'southwest': {'lat': 32.71527702010728, 'lng': 74.88907157010729}}}",https://maps.gstatic.com/mapfiles/place_api/icons/lodging-71.png,0f6f4519c682976961db8c9cd6248105a5823541,Radisson Blu Hotel,,"[{'height': 2610, 'html_attributions': ['<a href=""https://maps.google.com/maps/contrib/111854732923360073926"">A Google User</a>'], 'photo_reference': 'CmRaAAAAxqtM-XO80eUPF9E2WThIahCKgzrw343fQoRDWQJhIXcA2YrAF8pisD2QZuHT-46R2JHKouSW9hbkrIqDMs3A9UecFTKytApn9KyA_uYvh3JjIfNnsIQxRYe4taP_GNVlEhCkO1cU84apjCLKOQq7nNSlGhSrXPd0bQiiHb5NauegGi9RD-HPsQ', 'width': 4640}]",ChIJCeoMckKDHjkRY0hD7XHvMQM,"{'compound_code': 'PV8R+J3 Narwal, Jammu, Jammu and Kashmir', 'global_code': '8J4PPV8R+J3'}",4.3,ChIJCeoMckKDHjkRY0hD7XHvMQM,"['lodging', 'point_of_interest', 'establishment']",4159.0,{'open_now': True},tourist_attraction
10,OPERATIONAL,"Shop No 20 Mini Market, Near Rani Plaza, Satwari, Cantt, Jammu, Jammu and Kashmir 180003","{'location': {'lat': 32.6949754, 'lng': 74.84918329999999}, 'viewport': {'northeast': {'lat': 32.69633892989272, 'lng': 74.85053962989272}, 'southwest': {'lat': 32.69363927010727, 'lng': 74.84783997010727}}}",https://maps.gstatic.com/mapfiles/place_api/icons/generic_business-71.png,5a49cc3b87e66279b844bf269d30f0075d45781a,Jammu Kashmir Tour & Travels,,"[{'height': 1311, 'html_attributions': ['<a href=""https://maps.google.com/maps/contrib/108937767938600631074"">Jammu Kashmir Tour &amp;Travels</a>'], 'photo_reference': 'CmRaAAAAmpki9eiltjfutxKXt1Ou_sugKJA2VBKB5KDMD0xacEWudU39G-0T9-P72s_oAtzPnLqugxPJ7ez8ckDn9aEn7xweAejBlXx-QFmxsowja9lmIU561MUoUI-0WNK_07MNEhByZIXI7L5QcCf1T9LFiYFxGhRN0_rRyf4jNLnCMbzl2C6oigApLw', 'width': 2289}]",ChIJz9euY8mEHjkRFxN6ZmSn82s,"{'compound_code': 'MRVX+XM Jammu, Jammu and Kashmir', 'global_code': '8J4PMRVX+XM'}",4.8,ChIJz9euY8mEHjkRFxN6ZmSn82s,"['travel_agency', 'tourist_attraction', 'point_of_interest', 'establishment']",155.0,{'open_now': True},tourist_attraction
11,OPERATIONAL,"Palace Road, Janipur, near Harinivas, Jammu, Jammu and Kashmir 180007","{'location': {'lat': 32.7496841, 'lng': 74.8673225}, 'viewport': {'northeast': {'lat': 32.75086882989272, 'lng': 74.86880457989272}, 'southwest': {'lat': 32.74816917010727, 'lng': 74.86610492010729}}}",https://maps.gstatic.com/mapfiles/place_api/icons/generic_business-71.png,31fe87515b6ec1edb83ef13c606492d337d87378,Manda Zoo Park,,"[{'height': 1080, 'html_attributions': ['<a href=""https://maps.google.com/maps/contrib/107159974056654797398"">mohd aaqies</a>'], 'photo_reference': 'CmRaAAAAg9agePBkw1qwFfOnq8USwdJsW0gf4w197wRcKnLt4kX6-D0GYaC5sV-PXqj4aeVvgmj0rzzyheUStGvxX-VCNAWhLqlHLVXQYJmzPo-YA78oDTk7WDErXRM3dBxl-XejEhC87tG6qplkp65cBA64gZ36GhTy6DA9trswvUOk2spyHa3OyQEJfw', 'width': 1920}]",ChIJIZuG2HCEHjkRWJgsQImLUqU,"{'compound_code': 'PVX8+VW Jammu, Jammu and Kashmir', 'global_code': '8J4PPVX8+VW'}",3.9,ChIJIZuG2HCEHjkRWJgsQImLUqU,"['zoo', 'tourist_attraction', 'point_of_interest', 'establishment']",2917.0,{'open_now': False},tourist_attraction
12,OPERATIONAL,Jammu and Kashmir 181201,"{'location': {'lat': 32.8957481, 'lng': 74.7403865}, 'viewport': {'northeast': {'lat': 32.89703592989272, 'lng': 74.74145632989271}, 'southwest': {'lat': 32.89433627010727, 'lng': 74.73875667010728}}}",https://maps.gstatic.com/mapfiles/place_api/icons/generic_business-71.png,02163410ec5aac39180da866d4bd6a9fb15783d0,Akhnoor Fort,,"[{'height': 464, 'html_attributions': ['<a href=""https://maps.google.com/maps/contrib/109340811666449173151"">Nikhil Gupta</a>'], 'photo_reference': 'CmRaAAAAh7hGwQ7jQepwVb8L1rNpz5PY0HtyZFgfeBsAaCMqXRgZgZ4XtvXrq9LZ8OA2jpNSPTUGDoNiQQI9HXG8BwJ3bB1sJf4yo9oFUiOCpDNqwF7l_O8KnllLoXeG4ce1qNJdEhDxYCmUcspLncFTnlObIqShGhRIuyE-qnR381Q5jO2VnT8E1o0D_Q', 'width': 660}]",ChIJRx-aAf5iHjkRKca8FNuFOpo,"{'compound_code': '', 'global_code': '8J4PVPWR+75'}",4.2,ChIJRx-aAf5iHjkRKca8FNuFOpo,"['tourist_attraction', 'point_of_interest', 'establishment']",1821.0,{'open_now': True},tourist_attraction
13,OPERATIONAL,"Cannal Head Rd, Bhagwati Nagar, Canal Road, Jammu, Jammu and Kashmir 180002","{'location': {'lat': 32.7243683, 'lng': 74.8476062}, 'viewport': {'northeast': {'lat': 32.72575182989273, 'lng': 74.84875377989273}, 'southwest': {'lat': 32.72305217010729, 'lng': 74.84605412010728}}}",https://maps.gstatic.com/mapfiles/place_api/icons/generic_recreational-71.png,221a483e20f919528dd6d799368fd1a790d977c5,Rajender Park,,"[{'height': 3000, 'html_attributions': ['<a href=""https://maps.google.com/maps/contrib/115530116722091455087"">Sonam Stanzin</a>'], 'photo_reference': 'CmRaAAAAZPsyTN25bT5OBXa9ouJHR_lauw8SVO8kmmsoNg62hOHfbaE9zkhBLAKpVZgU90G6JvZPG2dFvZ11DNql12KdNIazeIPYlhcdDEbBcuKY2JZA5BNIwYdCgQSwUdAgTmJiEhD6BYRrdyHOlH7ZFDetzxHjGhSjQtWvlB3egycFU1HXXGA4wRqQFg', 'width': 4000}]",ChIJPT1VcfOEHjkR5l4Z0q-j9Mw,"{'compound_code': 'PRFX+P2 Canal Road, Jammu, Jammu and Kashmir', 'global_code': '8J4PPRFX+P2'}",3.9,ChIJPT1VcfOEHjkR5l4Z0q-j9Mw,"['park', 'tourist_attraction', 'point_of_interest', 'establishment']",982.0,{'open_now': True},tourist_attraction
14,OPERATIONAL,"Opp. Raghunath Temple VIP Gate, Hari Market Road, Jammu, Jammu and Kashmir 180001","{'location': {'lat': 32.7296853, 'lng': 74.8621932}, 'viewport': {'northeast': {'lat': 32.73102292989272, 'lng': 74.86353272989271}, 'southwest': {'lat': 32.72832327010727, 'lng': 74.86083307010728}}}",https://maps.gstatic.com/mapfiles/place_api/icons/lodging-71.png,446e0fc1c4bb261c769ac75c19cfe637e4d0fdc6,Hotel Raghunath,,"[{'height': 768, 'html_attributions': ['<a href=""https://maps.google.com/maps/contrib/115145345738663841449"">Hotel Raghunath</a>'], 'photo_reference': 'CmRaAAAA2HbDm_mKd9SMSeIa9Bm4bxXHFm2ryXheKFc6Xxmca09Ih_vuhGWrqC-zqGae5v-RAepRwGMKDGc1SrUzD_33xMj2mqacBBF9q_BhULT8sFnpj9_X-4ldQx-miq57TRk4EhCSugJUB0jIGyfRCyoJxrdgGhSflIdagGdbcOlWcWLnJBVkTUguXg', 'width': 576}]",ChIJmwAAAH2EHjkRePXRRguxKEw,"{'compound_code': 'PVH6+VV Jammu, Jammu and Kashmir', 'global_code': '8J4PPVH6+VV'}",4.0,ChIJmwAAAH2EHjkRePXRRguxKEw,"['lodging', 'point_of_interest', 'establishment']",633.0,{'open_now': True},tourist_attraction
15,OPERATIONAL,"Opposite Railway Station Exit Gate, Channi Rama, Jammu, Jammu and Kashmir 180012","{'location': {'lat': 32.7036096, 'lng': 74.87768}, 'viewport': {'northeast': {'lat': 32.70481437989272, 'lng': 74.87902572989273}, 'southwest': {'lat': 32.70211472010728, 'lng': 74.87632607010728}}}",https://maps.gstatic.com/mapfiles/place_api/icons/lodging-71.png,8018f21f970060166ce488b939838c5f77041ece,"Lemon Tree Hotel, Jammu",,"[{'height': 433, 'html_attributions': ['<a href=""https://maps.google.com/maps/contrib/115681049631326781125"">A Google User</a>'], 'photo_reference': 'CmRaAAAAp0o7kzZhqqKyuzOcVVVLqCRjSYPiJcXMdXAsdSuZCRbEhJX3pjWBvNOStMZjFHm6nLw0Qm3EB_daLdDrORPlW8E85RmWthLL7KByu2zepGgTYD4qDdnZJx4E_GS-sFNZEhBhZfoC5YjJhkwG989NSgpnGhT6fOp02_EWlQR6kcTLSUk_RvOgmA', 'width': 680}]",ChIJ53Qhe1eDHjkRGBCO_A0tWlI,"{'compound_code': 'PV3H+C3 Channi Rama, Jammu, Jammu and Kashmir', 'global_code': '8J4PPV3H+C3'}",4.2,ChIJ53Qhe1eDHjkRGBCO_A0tWlI,"['lodging', 'restaurant', 'food', 'gym', 'health', 'point_of_interest', 'establishment']",470.0,{'open_now': True},tourist_attraction
16,OPERATIONAL,"National Highway 1A, next to Astro Mahindra, Anand Vihar, Bari Brahmana, Jammu, Jammu and Kashmir 181133","{'location': {'lat': 32.638107, 'lng': 74.91370049999999}, 'viewport': {'northeast': {'lat': 32.63945487989272, 'lng': 74.91505177989272}, 'southwest': {'lat': 32.63675522010728, 'lng': 74.91235212010727}}}",https://maps.gstatic.com/mapfiles/place_api/icons/lodging-71.png,38f04970b46da3ab72870c1f815c3bf19bc89de6,Mango Hotels - Jammu,,"[{'height': 1365, 'html_attributions': ['<a href=""https://maps.google.com/maps/contrib/112768770625488400078"">A Google User</a>'], 'photo_reference': 'CmRaAAAAc2kkJGPYx8Sd4J7hZtBoh8Tqpy5PrJVCy4vUBppNQeasNqCbqQXu4hCz6RqjPNg8dWtqLKwB0RCFrofriWGMypFTfl-P4Sa5I_t5u6_6TXpsn8dFzbGvrpz146ppIekPEhCQ318hJDdK3_Oy9TG03vszGhTQJX7y1ujy0E15cS2GBaK2SzDSrA', 'width': 2048}]",ChIJO7lAvU6cHjkR1iH5yLQPVBw,"{'compound_code': 'JWQ7+6F Bari Brahmana, Jammu, Jammu and Kashmir', 'global_code': '8J4PJWQ7+6F'}",4.0,ChIJO7lAvU6cHjkR1iH5yLQPVBw,"['lodging', 'restaurant', 'food', 'point_of_interest', 'establishment']",843.0,{'open_now': True},tourist_attraction
17,OPERATIONAL,"Rail Head Complex, near SBI Headquarter, Cantonment, Jammu, Jammu and Kashmir 180012","{'location': {'lat': 32.7044948, 'lng': 74.87693680000001}, 'viewport': {'northeast': {'lat': 32.70589432989272, 'lng': 74.87841752989273}, 'southwest': {'lat': 32.70319467010728, 'lng': 74.87571787010728}}}",https://maps.gstatic.com/mapfiles/place_api/icons/lodging-71.png,df448f60eab7c08d42924df3d67818ded69fd37f,"Zone by The Park Hotel, Jammu",,"[{'height': 1239, 'html_attributions': ['<a href=""https://maps.google.com/maps/contrib/103991367800072582801"">A Google User</a>'], 'photo_reference': 'CmRaAAAA1XBMRayUqYvvDDJFwIEdcaWeCgzzVSac_u50-FD2oHCazIXF3neFxEKVV5DGPJ-x6TBt8KPqVXgKxH0vyOcyLCt7DNnG8NFxHTYMWpCTKv-MI7gtZTSmH25dLgDJxN74EhBYkSprPyGt4Vo4Ov4xCmFTGhSVK6FcP515YKYBTrbvDPwq_wgt1A', 'width': 2124}]",ChIJSdppvnSFHjkRHcn1osTIuuY,"{'compound_code': 'PV3G+QQ Jammu, Jammu and Kashmir', 'global_code': '8J4PPV3G+QQ'}",4.4,ChIJSdppvnSFHjkRHcn1osTIuuY,"['lodging', 'point_of_interest', 'establishment']",277.0,{'open_now': True},tourist_attraction
18,CLOSED_TEMPORARILY,"Tehsil Bazar, Ranbir Singh Pura, Jammu and Kashmir 181102","{'location': {'lat': 32.608045, 'lng': 74.731039}, 'viewport': {'northeast': {'lat': 32.60938802989272, 'lng': 74.73241142989272}, 'southwest': {'lat': 32.60668837010728, 'lng': 74.72971177010729}}}",https://maps.gstatic.com/mapfiles/place_api/icons/generic_business-71.png,a5d398718971b092911fa2f7c7c4e82ae4adee59,Travel House,True,,ChIJ1ybucm6RHjkRZ_cL6bfLaxA,"{'compound_code': 'JP5J+6C Ranbir Singh Pura, Jammu and Kashmir', 'global_code': '8J4PJP5J+6C'}",4.8,ChIJ1ybucm6RHjkRZ_cL6bfLaxA,"['tourist_attraction', 'travel_agency', 'point_of_interest', 'establishment']",6.0,,tourist_attraction
19,,"Mansar Lake, Buttal 182127","{'location': {'lat': 32.6965559, 'lng': 75.1443226}, 'viewport': {'northeast': {'lat': 32.7019873, 'lng': 75.15086509999999}, 'southwest': {'lat': 32.6927956, 'lng': 75.1402556}}}",https://maps.gstatic.com/mapfiles/place_api/icons/geocode-71.png,34835efbd2a9ca906b7859246971ef4d8e531e62,Mansar Lake,,"[{'height': 3000, 'html_attributions': ['<a href=""https://maps.google.com/maps/contrib/107222616598231007271"">INDIAN swag</a>'], 'photo_reference': 'CmRaAAAAiIvHOEGhVmi3HHGQ71h1eW2zkqP3jG7rmnHbDoxMoAzDF6Nb6ZgEbxt01feIdLbrwosLTAI3rTT1tPEyd-BI1TVN2O9rQZ0fAX_SFS9FYuzIPGDWdr_-9Zf4mWP4MKcxEhBzRCPnR2SaRefFKPKLhKzIGhRYB4YkYBrHdHfpHiiEF3Fhq1F5ZQ', 'width': 4000}]",ChIJ3et9JjElHDkRZq7TIpLUIdY,,4.5,ChIJ3et9JjElHDkRZq7TIpLUIdY,"['natural_feature', 'establishment']",333.0,,tourist_attraction
20,CLOSED_TEMPORARILY,"Bhavan, Katra, Jammu and Kashmir 182301","{'location': {'lat': 33.0308295, 'lng': 74.9490416}, 'viewport': {'northeast': {'lat': 33.03229472989272, 'lng': 74.95018442989273}, 'southwest': {'lat': 33.02959507010728, 'lng': 74.94748477010728}}}",https://maps.gstatic.com/mapfiles/place_api/icons/worship_hindu-71.png,534857b745cd66d31ef126fa2538fda0520c0b4b,Vaishno Devi,True,"[{'height': 3456, 'html_attributions': ['<a href=""https://maps.google.com/maps/contrib/108404926841429351308"">Sanjeev Mishra</a>'], 'photo_reference': 'CmRaAAAA3xhhftr40l4bMRqrAqVoRWO4nMsnzBBbBW60vgTEcH-XZBdxZJDRBul_duiHf0RYRqpuZIhoD0Mfr4jnTa2mbSOZtI9MOA9Tz5HYsj9LjPWnL7XKZBlzYVfzf7AvWqBEEhCV6Ux0UelPjShLl1h-FcUAGhQJQYonv2gKaO3mr_ok2xE6sY70GA', 'width': 4608}]",ChIJraqFaWt4HjkRkYEErxG2SqA,"{'compound_code': '2WJX+8J Katra, Jammu and Kashmir', 'global_code': '8J5P2WJX+8J'}",4.6,ChIJraqFaWt4HjkRkYEErxG2SqA,"['hindu_temple', 'tourist_attraction', 'place_of_worship', 'point_of_interest', 'establishment']",27652.0,,tourist_attraction
21,CLOSED_TEMPORARILY,"Daskal, Jammu and Kashmir 181201","{'location': {'lat': 32.9175028, 'lng': 74.73723919999999}, 'viewport': {'northeast': {'lat': 32.91884682989272, 'lng': 74.73861477989271}, 'southwest': {'lat': 32.91614717010728, 'lng': 74.73591512010728}}}",https://maps.gstatic.com/mapfiles/place_api/icons/generic_business-71.png,cfac62f878a71d48fd238bfcffff05525962dfc5,Tour and Travel,True,"[{'height': 4160, 'html_attributions': ['<a href=""https://maps.google.com/maps/contrib/105502611857023297121"">A Google User</a>'], 'photo_reference': 'CmRaAAAAmuaIiwTqlCvgVehwkEbPfnk8heUHINz7H1oHszGOytdcuU75woUkcqKMWOMWRH9aqoHJRluzP5KaLlZ9T19-8aRdLkxs348QduUh1SsI-h9-Em5CUxXT92XkHebPIbZ0EhCiVbPwsnRbkJ__cauU_D_wGhS_YgU6S-I621Oac9kpbWoysCxA4g', 'width': 3120}]",ChIJI9ciDU5jHjkRi4Ux6ZJEOOo,"{'compound_code': 'WP9P+2V Ambaran, Jammu and Kashmir', 'global_code': '8J4PWP9P+2V'}",4.1,ChIJI9ciDU5jHjkRi4Ux6ZJEOOo,"['tourist_attraction', 'point_of_interest', 'establishment']",15.0,,tourist_attraction
22,,Dera Baba Bandha 181201,"{'location': {'lat': 32.9878624, 'lng': 74.78929509999999}, 'viewport': {'northeast': {'lat': 33.00284, 'lng': 74.80005990000001}, 'southwest': {'lat': 32.97966, 'lng': 74.7765299}}}",https://maps.gstatic.com/mapfiles/place_api/icons/geocode-71.png,da29f5932aba1d90eb580ef25473725f9fca7989,Dera Baba Bandha,,,ChIJPXU_O9Z6HjkRabj49NJlo7E,,,ChIJPXU_O9Z6HjkRabj49NJlo7E,"['locality', 'political']",,,tourist_attraction
23,OPERATIONAL,"Hotel Girnar Palace, Railway, Katra Station Rd, Katra, Jammu and Kashmir 182301","{'location': {'lat': 32.9849901, 'lng': 74.9344802}, 'viewport': {'northeast': {'lat': 32.98633187989272, 'lng': 74.93609592989272}, 'southwest': {'lat': 32.98363222010728, 'lng': 74.93339627010727}}}",https://maps.gstatic.com/mapfiles/place_api/icons/generic_business-71.png,464a81d65c0513a56b8b949ccf19012f20682382,Vaishno Devi Helicopter Booking/Best Tour And Travel Jammu and kashmir,,"[{'height': 300, 'html_attributions': ['<a href=""https://maps.google.com/maps/contrib/106953565668090814912"">A Google User</a>'], 'photo_reference': 'CmRaAAAAkz7dK5VdbuaDB6xJom0-q05C5ns-bW880gotUM6T426I4UHL0Zu-lpbYvG6Q4ppgD_PljT7yGtFTFASUw4iFyKtK-ZoWZc82dRMb_yyCkP-e8A-wv-JShcLr_vraxRaLEhDGntTTks59Tc_jTwq-DwMRGhTrbj4ahj8OMmwSYqApIrScV504-w', 'width': 535}]",ChIJz4vKtSl5HjkR2nVmY1g53aE,"{'compound_code': 'XWMM+XQ Katra, Jammu and Kashmir', 'global_code': '8J4PXWMM+XQ'}",4.7,ChIJz4vKtSl5HjkR2nVmY1g53aE,"['tourist_attraction', 'travel_agency', 'car_dealer', 'point_of_interest', 'store', 'establishment']",39.0,{'open_now': True},tourist_attraction
24,OPERATIONAL,"Mughal Road, Forest Block, Jammu and Kashmir 185102","{'location': {'lat': 33.62992360000001, 'lng': 74.5200243}, 'viewport': {'northeast': {'lat': 33.63128582989273, 'lng': 74.52137502989272}, 'southwest': {'lat': 33.62858617010728, 'lng': 74.51867537010727}}}",https://maps.gstatic.com/mapfiles/place_api/icons/generic_business-71.png,52ad77844c6797ab6fa2daf4c4039aac4657b239,Peer Ki Gali,,"[{'height': 3024, 'html_attributions': ['<a href=""https://maps.google.com/maps/contrib/114259066147415779468"">Azharul Haque</a>'], 'photo_reference': 'CmRaAAAASEIlCfLltcoRIDIU9exuYqn3nA_yYkYdRXjqPWprM2AHxYa2UmqXqghAtmIaDjN4ywnwucnrPz7WzR5mDrZ6-EtWaPI7SCLajFtfzKtqpqdgpEXhaWpGLdbgjEFk0gR9EhCE-Cl1BETSgvzQE7AnijjkGhTeKY_6fHbzFCIk_JK_0cn-SBpeRQ', 'width': 4032}]",ChIJb4eLuhTc4TgRTer2AQm4lKs,"{'compound_code': 'JGHC+X2 Forest Block, Jammu and Kashmir', 'global_code': '8J5PJGHC+X2'}",4.5,ChIJb4eLuhTc4TgRTer2AQm4lKs,"['tourist_attraction', 'point_of_interest', 'establishment']",885.0,,tourist_attraction
25,OPERATIONAL,"arnas, reasi, Jammu and Kashmir 182313","{'location': {'lat': 33.184524, 'lng': 74.824394}, 'viewport': {'northeast': {'lat': 33.18569527989272, 'lng': 74.82606642989272}, 'southwest': {'lat': 33.18299562010728, 'lng': 74.82336677010727}}}",https://maps.gstatic.com/mapfiles/place_api/icons/generic_business-71.png,87d5c5acabd6c6303ef2f15b8d0b47ef013a2ae0,ARNAS/velly/chennab river side,,"[{'height': 800, 'html_attributions': ['<a href=""https://maps.google.com/maps/contrib/109230021616535523380"">A Google User</a>'], 'photo_reference': 'CmRaAAAAMbbAjDdNaOj58n29UsGdEfAf17ztPRhP-mWUjXk1vZLVsy1wmRIzSfveTzbxnFQtCDeK-Xvk4X-5l_wYtkNwrXCtZORxozNvS0lVj9szH-HFQtNFW20_NPIuHuR9lFRVEhB4W8T1qhhfBmFSjBa8KuxlGhTCz_vjF-m0hee5rqRFQynvzFqm3g', 'width': 480}]",ChIJ50GF9nNzHjkRy-C7zmLvqd0,"{'compound_code': '5RMF+RQ Arnas, Jammu and Kashmir', 'global_code': '8J5P5RMF+RQ'}",0.0,ChIJ50GF9nNzHjkRy-C7zmLvqd0,"['tourist_attraction', 'point_of_interest', 'establishment']",0.0,,tourist_attraction
26,OPERATIONAL,"Budgam Jammu and Kashmir, 185102","{'location': {'lat': 33.8509902, 'lng': 74.5635428}, 'viewport': {'northeast': {'lat': 33.85231907989272, 'lng': 74.56541642989272}, 'southwest': {'lat': 33.84961942010727, 'lng': 74.56271677010729}}}",https://maps.gstatic.com/mapfiles/place_api/icons/generic_business-71.png,8eb6baccd989b83d81ef78abdbd727595c4dc32e,Doodhpathri,,"[{'height': 1152, 'html_attributions': ['<a href=""https://maps.google.com/maps/contrib/114043036364145670179"">Kashmiri Songs</a>'], 'photo_reference': 'CmRaAAAAumeeKOxW9W8H9dctG3NAG1I2ASk8SbdS8QxiOWePLrFqKOZJwqevvWeexFfehXAthR7iXnPzNynj3-OrR1RMotQ9siA1J46vrq2TQEuCU9mRXCRLqEbQR_GyewXBaVRTEhCDUVOmKQUb2dgdgxDqsGiiGhQ6ffuAHsVNzJAQarpVnKoe7-LGDw', 'width': 2048}]",ChIJ-Z4qeA7A4TgRIDfaHav0TuM,"{'compound_code': 'VH27+9C Forest Block, Jammu and Kashmir', 'global_code': '8J5PVH27+9C'}",4.5,ChIJ-Z4qeA7A4TgRIDfaHav0TuM,"['tourist_attraction', 'point_of_interest', 'establishment']",1254.0,{'open_now': True},tourist_attraction
27,OPERATIONAL,"NH 1B, Daksum, Jammu and Kashmir 192202","{'location': {'lat': 33.5811029, 'lng': 75.5102349}, 'viewport': {'northeast': {'lat': 33.58241917989272, 'lng': 75.51164447989272}, 'southwest': {'lat': 33.57971952010728, 'lng': 75.50894482010727}}}",https://maps.gstatic.com/mapfiles/place_api/icons/generic_business-71.png,3150b9d449b24fa46b47c02e4ea62267cdeee166,Sinthan Top,,"[{'height': 3456, 'html_attributions': ['<a href=""https://maps.google.com/maps/contrib/104167527548651865862"">Mohammad Saleem Mir</a>'], 'photo_reference': 'CmRaAAAAetXILO3JtkPa4d4emlZbc9TinPfq7fkbS7ABdqiL2KzO51OFs09g779Q1_btXnw1wjJMa8kz4h931z0j7qo8XY_KBFxDwJvtVJgWXVviHpLjxJDWm5z4i-FTnDc9IbnvEhAlusr9XUxYbMGXjnCaxIEmGhTG5BR7ejKv31YlmAm7dRm7d69HlQ', 'width': 4608}]",ChIJoTHqLbyIHTkRL0Glf4jD2xM,"{'compound_code': 'HGJ6+C3 Chhatroo, Jammu and Kashmir', 'global_code': '8J5QHGJ6+C3'}",4.7,ChIJoTHqLbyIHTkRL0Glf4jD2xM,"['tourist_attraction', 'point_of_interest', 'establishment']",546.0,,tourist_attraction
28,OPERATIONAL,Jammu and Kashmir 182221,"{'location': {'lat': 33.0280591, 'lng': 75.7727051}, 'viewport': {'northeast': {'lat': 33.02940777989271, 'lng': 75.77404467989273}, 'southwest': {'lat': 33.02670812010727, 'lng': 75.77134502010728}}}",https://maps.gstatic.com/mapfiles/place_api/icons/generic_business-71.png,ff34409b8ffed9b1088a1f32e4851a178931ea98,Jai Ghati,,"[{'height': 3456, 'html_attributions': ['<a href=""https://maps.google.com/maps/contrib/105947699262107306018"">Rohan Sharma</a>'], 'photo_reference': 'CmRaAAAAKhO7oo-OBCrShXAReaFhpbV0Omk092lHAWY_hpF416uWRmn9Nofsuaf2maiIlhGQcz_N_cowcfk8GVOY6pNFSNKPmHiaue-mbcq_XibHkeMohvRvn21rXjp-pn67Bg-iEhCDotPp720WaqENxd7y1syIGhQxDdruddZTuCpZtGL29JNZD9kHCg', 'width': 4608}]",ChIJ43xFZQ8BHTkR22LbDAGQnEA,"{'compound_code': '', 'global_code': '8J5Q2QHF+63'}",4.4,ChIJ43xFZQ8BHTkR22LbDAGQnEA,"['tourist_attraction', 'point_of_interest', 'establishment']",260.0,,tourist_attraction
29,OPERATIONAL,"Gulmarg, Jammu and Kashmir 193403","{'location': {'lat': 34.0326439, 'lng': 74.36694210000002}, 'viewport': {'northeast': {'lat': 34.03399372989271, 'lng': 74.36829192989273}, 'southwest': {'lat': 34.03129407010727, 'lng': 74.36559227010729}}}",https://maps.gstatic.com/mapfiles/place_api/icons/generic_business-71.png,8b7d649935ee6fcd9e385da0a773c96f971f0096,Kongdoori Phase 1,,"[{'height': 3456, 'html_attributions': ['<a href=""https://maps.google.com/maps/contrib/109942800729146674956"">Harshal Gandhi</a>'], 'photo_reference': 'CmRaAAAAnTkoy_qEl8f9hDEVD5U6VCMw5reIMRbV3mkowDWL4aeRN1nyEE0u1gyZqsq4_XU1bvj6X5Li2QgQhVltMtWsJR-8cRRBd_HExVa22ieITzkQZaySd8bDX7I6L_QGx-hfEhBTyoIHcAC4MDXjKkjba-FeGhQWb7D02LmI9DeVCHK8Qy1u1ah8PA', 'width': 4608}]",ChIJEUTUEdav4TgRUpKYKcGaHCo,"{'compound_code': '29M8+3Q Gulmarg, Jammu and Kashmir', 'global_code': '8J6P29M8+3Q'}",4.6,ChIJEUTUEdav4TgRUpKYKcGaHCo,"['tourist_attraction', 'point_of_interest', 'establishment']",1981.0,{'open_now': False},tourist_attraction
30,OPERATIONAL,"Buzla, Khari, Jammu and Kashmir 182145","{'location': {'lat': 33.4158561, 'lng': 75.1036433}, 'viewport': {'northeast': {'lat': 33.41672515, 'lng': 75.10531122989272}, 'southwest': {'lat': 33.41324895, 'lng': 75.10261157010729}}}",https://maps.gstatic.com/mapfiles/place_api/icons/generic_business-71.png,a5302143e5abc9a89f3a8ed1e7a94b14e5636039,Hanfi Manzil,,"[{'height': 581, 'html_attributions': ['<a href=""https://maps.google.com/maps/contrib/111427979507527992516"">A Google User</a>'], 'photo_reference': 'CmRaAAAA9Gt8poYUquCbLxBhpRx2QUOXCj0cPk3UHw6rSwjLOiIArpOf43fZaRvBs9LJ76W9aBc8nh8BVPPjo964zHYyMruC195gr0RhQUr8tlekd27tfl0sLphZR_-3JpWTO_W4EhCian7tU6Eh01ExqneTDFeoGhRtJeYqorhZKP0O7sRVxlf4XO3IaA', 'width': 581}]",ChIJR3tX8XvlHTkR8NslFMLXBms,"{'compound_code': 'C483+8F Khari, Jammu and Kashmir', 'global_code': '8J5QC483+8F'}",5.0,ChIJR3tX8XvlHTkR8NslFMLXBms,"['tourist_attraction', 'point_of_interest', 'establishment']",2.0,,tourist_attraction
31,,Jammu and Kashmir,"{'location': {'lat': 33.778175, 'lng': 76.57617139999999}, 'viewport': {'northeast': {'lat': 35.50542739999999, 'lng': 79.3058506}, 'southwest': {'lat': 32.2922694, 'lng': 73.750507}}}",https://maps.gstatic.com/mapfiles/place_api/icons/geocode-71.png,333b5df94f56a662aeafec47c3c96321f38ea000,Jammu and Kashmir,,"[{'height': 481, 'html_attributions': ['<a href=""https://maps.google.com/maps/contrib/100624026137237560675"">A Google User</a>'], 'photo_reference': 'CmRaAAAA6tefumi49eA4eJKVBnRjcbQHZD_B6WuOovUwQcEHdBH1GzwPdD-ORr20lll7NsafsDDzz2MvrG4YjtPCQ_DuCNrlPDNY--o9elSwX7W2zdKwgciA5LG_GAXC1B_0Ek67EhA9P5xV43yeYJEeydkNaRNPGhRLGJ8eD2oCqZdy_c_CZ9pEOLVX7Q', 'width': 720}]",ChIJnaj_mSQJ4TgR8eeXRm16VgY,,,ChIJnaj_mSQJ4TgR8eeXRm16VgY,"['administrative_area_level_1', 'political']",,,tourist_attraction
32,OPERATIONAL,"Mughal Road, Chandimarh, Jammu and Kashmir 185102","{'location': {'lat': 33.6085479, 'lng': 74.4181466}, 'viewport': {'northeast': {'lat': 33.61022507989272, 'lng': 74.41937362989272}, 'southwest': {'lat': 33.60752542010728, 'lng': 74.41667397010727}}}",https://maps.gstatic.com/mapfiles/place_api/icons/generic_business-71.png,41f0a3b6ec52663b68cf34440fd4a0c9b59adbec,Noori Chamb,,"[{'height': 960, 'html_attributions': ['<a href=""https://maps.google.com/maps/contrib/104324234072890246430"">Faizan Kabir</a>'], 'photo_reference': 'CmRZAAAA8mYoYXRsIKZBzIj0cPBigmLDbMlsl4YfuUIngmgwbfdk8EjKg9SRSGT6lpKKSVdqEk_UQiI-N-Te9Gjcv-WWvWFWtJKnxInka1us91-0tVe9UiP24ZYmPP1T_gAQEqFfEhDPWQl-HYcIc_m_BukRJkCXGhSkVnIyZm8ZUIkmpCUXKbIHIiBViQ', 'width': 771}]",ChIJMViHOhva4TgRcmhQXLeDq9Y,"{'compound_code': 'JC59+C7 Chandimarh, Jammu and Kashmir', 'global_code': '8J5PJC59+C7'}",4.4,ChIJMViHOhva4TgRcmhQXLeDq9Y,"['tourist_attraction', 'natural_feature', 'point_of_interest', 'establishment']",177.0,,tourist_attraction
33,OPERATIONAL,"Gulmarg, Jammu and Kashmir 193403","{'location': {'lat': 34.0475611, 'lng': 74.38535639999999}, 'viewport': {'northeast': {'lat': 34.04904132989272, 'lng': 74.38675632989272}, 'southwest': {'lat': 34.04634167010727, 'lng': 74.38405667010727}}}",https://maps.gstatic.com/mapfiles/place_api/icons/generic_business-71.png,2b2a38f0a150fe0c0a03e0ff3fe4dc27a11ea5fe,Khilanmarg,,"[{'height': 3120, 'html_attributions': ['<a href=""https://maps.google.com/maps/contrib/117421529534523283941"">kunchapu govardhan</a>'], 'photo_reference': 'CmRaAAAAuX8EOf21eUxuofgCh6Sueln8HjF2Adx4HWlSxz-NJse42vniWJTi-ySieo_DybBD8rIC67SwOLi5vu6LKRmks_RtzPMSf0hWuBUh0ca3MQ8Qw8DM8Wtjl-q2rCs1fGvFEhAAveMREsTTLTkmaGChu5KmGhRVJ4BbBhyleZF2-Xnn7pYxaIb4eQ', 'width': 4160}]",ChIJjXYlC-mv4TgRm4IMGhrGuuQ,"{'compound_code': '29XP+24 Gulmarg, Jammu and Kashmir', 'global_code': '8J6P29XP+24'}",4.6,ChIJjXYlC-mv4TgRm4IMGhrGuuQ,"['tourist_attraction', 'point_of_interest', 'establishment']",321.0,{'open_now': True},tourist_attraction
34,OPERATIONAL,"Katra, Reasi, Jammu and Kashmir 182320","{'location': {'lat': 32.9914963, 'lng': 74.93181729999999}, 'viewport': {'northeast': {'lat': 32.99284782989272, 'lng': 74.93316897989271}, 'southwest': {'lat': 32.99014817010728, 'lng': 74.93046932010728}}}",https://maps.gstatic.com/mapfiles/place_api/icons/lodging-71.png,6ba9978a61546c1afed4c20b2bc0f1267cdee524,JKTDC Hotel Saraswati (Tourist Bungalow Katra),,"[{'height': 4608, 'html_attributions': ['<a href=""https://maps.google.com/maps/contrib/110867275230949133422"">Vaibhav Bhange</a>'], 'photo_reference': 'CmRaAAAAuZUrI9BvIJlV7xmCvaAK9s3hIwkcNkUj4aUB7v8BOicm8DULsgghRGtPsbyPuUr03ASI-TjAq7ELjEgBEN3cr--DWrSHdAIC1HHWJwWA_CV2k6Vt99yQnvIGEfWTlecDEhAd-MeE_Zf1vPn93D242A64GhRFNHNBbuzfYdlieIUcRJiIcggHrw', 'width': 2304}]",ChIJ7YecCOZ4HjkRXtv2p55UpJo,"{'compound_code': 'XWRJ+HP Reasi, Jammu and Kashmir', 'global_code': '8J4PXWRJ+HP'}",3.9,ChIJ7YecCOZ4HjkRXtv2p55UpJo,"['lodging', 'point_of_interest', 'establishment']",62.0,,tourist_attraction
35,OPERATIONAL,"Railway Rd, Katra, Jammu and Kashmir 182301","{'location': {'lat': 32.985639, 'lng': 74.9382905}, 'viewport': {'northeast': {'lat': 32.98701577989272, 'lng': 74.9396255798927}, 'southwest': {'lat': 32.98431612010728, 'lng': 74.93692592010727}}}",https://maps.gstatic.com/mapfiles/place_api/icons/lodging-71.png,870744adc2b4e0b0665614c132b02e96e935483d,"Lemon Tree Hotel, Katra",,"[{'height': 433, 'html_attributions': ['<a href=""https://maps.google.com/maps/contrib/100188092200668620491"">Lemon Tree Hotel Katra</a>'], 'photo_reference': 'CmRaAAAAZClY-1HZ1hR2wqc2nJnfu-W4t1Y1PtaNwvez53MM3hyNfJI13KbTCacwOUuC8H0bg-7M13_eD9SA7OP6T_HqzuKXz2i0VB82MDVRpfcwHLc4Qmvzv0cke-elrodH87CfEhBoiOZ5DVBx3t1drPMKIi7BGhQ1KQo25j011dnHOkcEEyi8PxC1Jg', 'width': 680}]",ChIJD5Yw7ud4HjkR1sslYLaxfEc,"{'compound_code': 'XWPQ+78 Katra, Jammu and Kashmir', 'global_code': '8J4PXWPQ+78'}",4.2,ChIJD5Yw7ud4HjkR1sslYLaxfEc,"['spa', 'lodging', 'restaurant', 'food', 'point_of_interest', 'establishment']",1324.0,{'open_now': True},tourist_attraction
36,OPERATIONAL,"Nohata, Srinagar, Jammu and Kashmir 190003","{'location': {'lat': 34.1055083, 'lng': 74.8170877}, 'viewport': {'northeast': {'lat': 34.10685812989271, 'lng': 74.81843752989273}, 'southwest': {'lat': 34.10415847010727, 'lng': 74.81573787010728}}}",https://maps.gstatic.com/mapfiles/place_api/icons/generic_business-71.png,cf2d14faf2dffccef8181fffe59a28415b797bf4,Hari Parbat,,"[{'height': 286, 'html_attributions': ['<a href=""https://maps.google.com/maps/contrib/114096235368368225529"">A Google User</a>'], 'photo_reference': 'CmRaAAAA4LgqC2AITkpNpxDooKSnd2sk1huN0U13jsktnxggFCXsXQfTMJXaOB6djmEKfmaaTuupcQFLE1xZdJ9Gb-O2zTpNKK4KgJmN6q2XEfjBI4wBgr-9NSmFWrg2ixJiZOfhEhBUTczPUDkzqBWto1wtNnIkGhRVJbpFqy0fRdErzEEXCeUNJDDhiw', 'width': 468}]",ChIJvS1hb3KF4TgRtv8DBW9RsTo,"{'compound_code': '4R48+6R Nohata, Kashmir Golf Course, Srinagar, Jammu and Kashmir', 'global_code': '8J6P4R48+6R'}",4.3,ChIJvS1hb3KF4TgRtv8DBW9RsTo,"['tourist_attraction', 'point_of_interest', 'establishment']",1682.0,{'open_now': False},tourist_attraction
37,OPERATIONAL,"Boulverd Road, Ghat No :9, Pinegrove-Lhasa Ln, Srinagar, Jammu and Kashmir 190001","{'location': {'lat': 34.0844317, 'lng': 74.8389498}, 'viewport': {'northeast': {'lat': 34.08578237989271, 'lng': 74.84024222989272}, 'southwest': {'lat': 34.08308272010727, 'lng': 74.83754257010727}}}",https://maps.gstatic.com/mapfiles/place_api/icons/generic_business-71.png,ad195ede81fad9fcdada81b807fe647f9a6d1b08,Srinagar Tourism,,"[{'height': 312, 'html_attributions': ['<a href=""https://maps.google.com/maps/contrib/109785258006273068160"">A Google User</a>'], 'photo_reference': 'CmRaAAAAWFJzWm7XBQ3Mr5y81lnCmwFCVCI1nfSWz8q_vekdYGQKlKks4_K-8a9A-AzrmP80wNVp7-zSqi4G4p8n9ExRQVp4pxYf9bLvSaHWJZqRgs_E_-XcBSkPQxGVU5RHy5ynEhAXSc7RbMTNxksEvDPYeP6fGhQOFMVuAVz7fIvKKZK1AuF22e6ESw', 'width': 472}]",ChIJq6qqqlqP4TgRgNhcSpEL7Xo,"{'compound_code': '3RMQ+QH Srinagar, Jammu and Kashmir', 'global_code': '8J6P3RMQ+QH'}",4.9,ChIJq6qqqlqP4TgRgNhcSpEL7Xo,"['tourist_attraction', 'point_of_interest', 'establishment']",190.0,{'open_now': True},tourist_attraction
38,OPERATIONAL,"Boulevard Rd, Karapura, Rainawari, Srinagar, Jammu and Kashmir 190003","{'location': {'lat': 34.0907659, 'lng': 74.83969429999999}, 'viewport': {'northeast': {'lat': 34.09176487989272, 'lng': 74.8414193}, 'southwest': {'lat': 34.08906522010727, 'lng': 74.83451929999998}}}",https://maps.gstatic.com/mapfiles/place_api/icons/generic_business-71.png,c98c643d2453bbf4dbf43a7bf86d817c8adf1b52,Dal Lake,,"[{'height': 800, 'html_attributions': ['<a href=""https://maps.google.com/maps/contrib/112124034482621162259"">Maulik Gupta</a>'], 'photo_reference': 'CmRaAAAAE4vu5TXMHLjyMh31YnfBxA_Ev2db5-Puul6Al6KrN_kwJonC7VRtIm6W3oA_HcNwKnsCfYnOusuWaK33AEmDygTZE6FeQlHPgV0bSCukuzAX1iETjJlJXQ61KJacNC_kEhBByBcnoJhPuGn8wQQtaOKmGhSh7CPycys03v1kNbO7Y3KB4t4Gyw', 'width': 1227}]",ChIJm264AoiF4TgRpoC7qqBjOdc,"{'compound_code': '3RRQ+8V Rainawari, Srinagar, Jammu and Kashmir', 'global_code': '8J6P3RRQ+8V'}",4.6,ChIJm264AoiF4TgRpoC7qqBjOdc,"['tourist_attraction', 'point_of_interest', 'establishment']",976.0,{'open_now': True},tourist_attraction
39,CLOSED_TEMPORARILY,"Nowgam Bypass Opp Ellaqai Dehati Bank Chacha Gani Complex, Srinagar, Jammu and Kashmir 190001","{'location': {'lat': 34.0262062, 'lng': 74.82439389999999}, 'viewport': {'northeast': {'lat': 34.02776852989272, 'lng': 74.82560417989271}, 'southwest': {'lat': 34.02506887010728, 'lng': 74.82290452010726}}}",https://maps.gstatic.com/mapfiles/place_api/icons/generic_business-71.png,e2787e876b13d5c7267b0e8f4ff90a46e4cefb2d,Trip To Trip,True,"[{'height': 1920, 'html_attributions': ['<a href=""https://maps.google.com/maps/contrib/102200785032773645203"">Kaene Peter</a>'], 'photo_reference': 'CmRaAAAAxTQbk0vVEaxKI5uJfSFlZsn8QhkHqL6bl-Qhy8bEqtq5l2f9arP9pTg1vt1cyv0cguyBEcwHwghiEoAfe6nHZ_nyYrNHRqM0n7E9ODaulYrgC8FQZyPW19uBWDrSmrjSEhCiyjn2FNzaqFcoA3IUA9ogGhQua4Am3n0DcIaWpDKLecTO-FLiRg', 'width': 1080}]",ChIJVVJ_9B2P4TgRDAyVAZMNxTs,"{'compound_code': '2RGF+FQ Srinagar, Jammu and Kashmir', 'global_code': '8J6P2RGF+FQ'}",0.0,ChIJVVJ_9B2P4TgRDAyVAZMNxTs,"['tourist_attraction', 'point_of_interest', 'establishment']",0.0,,tourist_attraction
40,OPERATIONAL,"Forest Block, Jammu and Kashmir 191203","{'location': {'lat': 34.2744482, 'lng': 75.28438539999999}, 'viewport': {'northeast': {'lat': 34.27579802989272, 'lng': 75.28573522989271}, 'southwest': {'lat': 34.27309837010728, 'lng': 75.28303557010727}}}",https://maps.gstatic.com/mapfiles/place_api/icons/generic_business-71.png,66461d061c475d9ea2bcf23e5947971aa4c1ac30,"Thajiwas glacier, Sonmarg, Kashmir",,"[{'height': 1536, 'html_attributions': ['<a href=""https://maps.google.com/maps/contrib/110098029306426910840"">Noman Khan</a>'], 'photo_reference': 'CmRaAAAAOLMnipLVqbbS0ggdHadBgSEKZZvGUoetJ4GU2zUjgmrwWZc_Oq1ZkT9Q4Zs_Nx7ra2mgYLr79d0lrTsy8Ox1u2XIZ_ViJCS7woqMcPirbGTmePNXTvUHoxzOVNB6m-KnEhBoO0k4sBnGMTaR7IVduQTiGhReZdz11MHasT3YFN6BdqH-4pjWQA', 'width': 2304}]",ChIJDbkJoJQ04jgRnRsw887PhlQ,"{'compound_code': '', 'global_code': '8J6Q77FM+QQ'}",4.6,ChIJDbkJoJQ04jgRnRsw887PhlQ,"['tourist_attraction', 'point_of_interest', 'establishment']",400.0,{'open_now': False},tourist_attraction
41,CLOSED_TEMPORARILY,"Nishat Brein Link Rd, Butgoo near mughal garden, Srinagar, Jammu and Kashmir 191121","{'location': {'lat': 34.1196585, 'lng': 74.88407049999999}, 'viewport': {'northeast': {'lat': 34.12111037989273, 'lng': 74.88540332989272}, 'southwest': {'lat': 34.11841072010728, 'lng': 74.88270367010728}}}",https://maps.gstatic.com/mapfiles/place_api/icons/generic_business-71.png,c44d28ec8693152c712585128bf2aa35932269e4,KASHMIR PLACES,True,"[{'height': 599, 'html_attributions': ['<a href=""https://maps.google.com/maps/contrib/102731849246179891823"">A Google User</a>'], 'photo_reference': 'CmRaAAAAdQz9G3nuvaJyaFhdnGn4x42GsrRtewSv9szewxIf1CBYpIb0qN9t1Uw24zlzIQbUjXJd3Qdqe10EIBlATs6pxzs35PmzxAFzG-u88A4p8CuYWAfNQTsnz8gkCc-Dvgx5EhCAe1ojKQhkxCjTH-cH_l2kGhRTEAx0rAuuGHrxZobgnopemxBaOg', 'width': 1200}]",ChIJk1C58M2H4TgR3k8OaUUVf0Y,"{'compound_code': '4V9M+VJ Srinagar, Jammu and Kashmir', 'global_code': '8J6P4V9M+VJ'}",4.9,ChIJk1C58M2H4TgR3k8OaUUVf0Y,"['tourist_attraction', 'point_of_interest', 'establishment']",9.0,,tourist_attraction
42,CLOSED_TEMPORARILY,"Dar Building, opposite Mughal E Azam Bakery, Rajbagh, Srinagar, Jammu and Kashmir 190008","{'location': {'lat': 34.0660854, 'lng': 74.832167}, 'viewport': {'northeast': {'lat': 34.06752797989272, 'lng': 74.83346157989273}, 'southwest': {'lat': 34.06482832010727, 'lng': 74.83076192010728}}}",https://maps.gstatic.com/mapfiles/place_api/icons/generic_business-71.png,805608db9c6c3778ea1488b17d972495e7060dbb,Best Kashmir Tours (Best Travel Agent In Srinagar),True,"[{'height': 4832, 'html_attributions': ['<a href=""https://maps.google.com/maps/contrib/104091222194259617057"">A Google User</a>'], 'photo_reference': 'CmRaAAAAln4CK_L3qPj11TGTVFNAJpN99g1ze8H16LgcNBFZXXH9-macBMEFZ2qhyzWeiEVt8jDeF2pbTPolZTYYqw6C_RSzXLvjei8_dwEHAAEB3znm7WAaqrtzI72OqsrP8pcEEhAbTD81aAZo8Rzp_qmpB6beGhTIB8s_4wNofORuq-o0xkzY5JuF3g', 'width': 8880}]",ChIJvykIDC2P4TgRxMKDvgEMr4o,"{'compound_code': '3R8J+CV Rajbagh, Srinagar, Jammu and Kashmir', 'global_code': '8J6P3R8J+CV'}",5.0,ChIJvykIDC2P4TgRxMKDvgEMr4o,"['tourist_attraction', 'point_of_interest', 'establishment']",2.0,,tourist_attraction
43,OPERATIONAL,"Srinagar, Jammu and Kashmir 190001","{'location': {'lat': 34.0811939, 'lng': 74.877152}, 'viewport': {'northeast': {'lat': 34.08250077989273, 'lng': 74.87871717989272}, 'southwest': {'lat': 34.07980112010728, 'lng': 74.87601752010728}}}",https://maps.gstatic.com/mapfiles/place_api/icons/generic_business-71.png,bccd77909b96f6a84297cd18df3705f7299fc7c9,Pari Mahal,,"[{'height': 722, 'html_attributions': ['<a href=""https://maps.google.com/maps/contrib/116750960989771526197"">divakaran pk</a>'], 'photo_reference': 'CmRaAAAAHwjL1EQgzeIw50oE7W14IaTlnN8dh6tODvQhVg1zZ9CoywBDLSj0wP14Tui94Yqo0NmeB8Wj3f8aaNCb1C7dobtJjVhY6UFZBzgUaLSQDbC3FNruwybxKNoyuDHvsAkcEhBP5MiPEJQTqZ39-t7NX4lkGhRTdh0sETRLGcIcqZUwmtDu4LPW0A', 'width': 1080}]",ChIJI7OGp7OI4TgRw7xBy0TCdyE,"{'compound_code': '3VJG+FV Srinagar, Jammu and Kashmir', 'global_code': '8J6P3VJG+FV'}",4.4,ChIJI7OGp7OI4TgRw7xBy0TCdyE,"['tourist_attraction', 'point_of_interest', 'establishment']",3683.0,{'open_now': False},tourist_attraction
44,CLOSED_TEMPORARILY,"Habbak, Hazratbal Rd, Srinagar, Jammu and Kashmir 190006","{'location': {'lat': 34.143094, 'lng': 74.838432}, 'viewport': {'northeast': {'lat': 34.14446122989272, 'lng': 74.83981357989272}, 'southwest': {'lat': 34.14176157010728, 'lng': 74.83711392010729}}}",https://maps.gstatic.com/mapfiles/place_api/icons/generic_business-71.png,15494c804ce6557b4e4c1c93073ce8ec1ca26381,Srinagar Travel Agency,True,,ChIJGcG5FM2F4TgRH8U8t2eKp9c,"{'compound_code': '4RVQ+69 Srinagar, Jammu and Kashmir', 'global_code': '8J6P4RVQ+69'}",0.0,ChIJGcG5FM2F4TgRH8U8t2eKp9c,"['tourist_attraction', 'point_of_interest', 'establishment']",0.0,,tourist_attraction
45,CLOSED_TEMPORARILY,"Brazullah, Airport Road, Srinagar, Jammu and Kashmir 190007","{'location': {'lat': 34.0021758, 'lng': 74.7624024}, 'viewport': {'northeast': {'lat': 34.00362397989272, 'lng': 74.76379382989272}, 'southwest': {'lat': 34.00092432010727, 'lng': 74.76109417010728}}}",https://maps.gstatic.com/mapfiles/place_api/icons/generic_business-71.png,aadc02ad98fc13517836851bc50f21c6328a5041,12M Travels,True,"[{'height': 802, 'html_attributions': ['<a href=""https://maps.google.com/maps/contrib/103078051325653263755"">A Google User</a>'], 'photo_reference': 'CmRaAAAAll6_b4mK1ovN81tHmJUT4_4CQEs2TL9OoNBsvyrGcAmfaq19KtT0vQgdFWX2N8mmRiSGlLmkfzCYUfhd1uf29u9zy0j6FblD6wN0z5Un117A8DNG8TPXiOKFqPK9f2ldEhAmiyf2_p3V5lRtzCMg5_-tGhRO7GXGvmAvaVZUaIheMVYSddLVdA', 'width': 1242}]",ChIJW2oIXmKR4TgRoEOmsVRb3Lg,"{'compound_code': '2Q26+VX Srinagar, Jammu and Kashmir', 'global_code': '8J6P2Q26+VX'}",5.0,ChIJW2oIXmKR4TgRoEOmsVRb3Lg,"['tourist_attraction', 'point_of_interest', 'establishment']",1.0,,tourist_attraction
46,CLOSED_TEMPORARILY,"Tulbagh, Pampore, Jammu and Kashmir 190006","{'location': {'lat': 34.0061063, 'lng': 74.92413549999999}, 'viewport': {'northeast': {'lat': 34.00743932989272, 'lng': 74.92537432989272}, 'southwest': {'lat': 34.00473967010728, 'lng': 74.92267467010727}}}",https://maps.gstatic.com/mapfiles/place_api/icons/generic_business-71.png,9c6825a09adc123f4ca76976145736ffa02dd53d,Annafi holidays,True,,ChIJrbriebOL4TgR_aU6I97CHnU,"{'compound_code': '2W4F+CM Pampore, Jammu and Kashmir', 'global_code': '8J6P2W4F+CM'}",0.0,ChIJrbriebOL4TgR_aU6I97CHnU,"['tourist_attraction', 'point_of_interest', 'establishment']",0.0,,tourist_attraction
47,CLOSED_TEMPORARILY,"Zero Point, Leh Border, NH1, Srinagar - Leh Hwy, Gumri, Jammu and Kashmir 192230","{'location': {'lat': 34.0400965, 'lng': 74.8780458}, 'viewport': {'northeast': {'lat': 34.04141687989272, 'lng': 74.87938212989272}, 'southwest': {'lat': 34.03871722010727, 'lng': 74.87668247010727}}}",https://maps.gstatic.com/mapfiles/place_api/icons/generic_business-71.png,0692ec53f9d204d5f7cc1ea2fbe049218f3db9b9,"Zero Point, Sonamarg",True,"[{'height': 3024, 'html_attributions': ['<a href=""https://maps.google.com/maps/contrib/108850856917509265333"">Anupam Bhandari</a>'], 'photo_reference': 'CmRaAAAALiaFn0hrWoeyYB5YOOVfQPSFHU72Mt3C3PbYnK8sR7sRqJQSkjia86lgMexIHV8F-XjKKYQct7d7iR8G9wXTllOj02gEY2JLGt8YqHsQRXF4UQv0gnzeRjAJRCeQdIYIEhBaSbDAozkkHb1-t1WWnE1GGhS53V87iwYu8nd_FockSOTIunlN-Q', 'width': 4032}]",ChIJj94i_3GJ4TgR9Bkyw3sLY0Q,"{'compound_code': '', 'global_code': '8J6P2VRH+26'}",4.7,ChIJj94i_3GJ4TgR9Bkyw3sLY0Q,"['tourist_attraction', 'point_of_interest', 'establishment']",6.0,,tourist_attraction
48,OPERATIONAL,"Room No. 13, Mecca Tower M.A. Link Road, Srinagar, Jammu and Kashmir 190001","{'location': {'lat': 34.1078795, 'lng': 74.81004089999999}, 'viewport': {'northeast': {'lat': 34.10919952989272, 'lng': 74.81138957989272}, 'southwest': {'lat': 34.10649987010728, 'lng': 74.80868992010728}}}",https://maps.gstatic.com/mapfiles/place_api/icons/generic_business-71.png,87ae686e7de6a58b3208a74e897305c4a0c97a8e,TIGER HILL,,"[{'height': 3024, 'html_attributions': ['<a href=""https://maps.google.com/maps/contrib/116499203365903545902"">A Google User</a>'], 'photo_reference': 'CmRaAAAA9xW194VBAym-CZkfuok1uzNlZi3xwtw2hba6eWzc7CnUokwMiVvALXNE33XG4ratZoA2MLXB2gjgCV56rV_SScmq8ZaWJRScGMmspZwXlA6EM-uZ1oUcTXyTq06fegsJEhC5trHhOsIGrEUdLL73ldjZGhQ-zB8fJYjV76AvT7r-X6aYcOJPXA', 'width': 4032}]",ChIJfZxdpmyF4TgRvh4Fxw2aWEo,"{'compound_code': '4R56+52 Srinagar, Jammu and Kashmir', 'global_code': '8J6P4R56+52'}",4.2,ChIJfZxdpmyF4TgRvh4Fxw2aWEo,"['tourist_attraction', 'point_of_interest', 'establishment']",74.0,,tourist_attraction
49,OPERATIONAL,"near J&k ATM Bank, Gulmarg, Jammu and Kashmir 193403","{'location': {'lat': 34.05108269999999, 'lng': 74.39742280000002}, 'viewport': {'northeast': {'lat': 34.05261127989272, 'lng': 74.39864017989272}, 'southwest': {'lat': 34.04991162010727, 'lng': 74.39594052010729}}}",https://maps.gstatic.com/mapfiles/place_api/icons/generic_business-71.png,ce78f1adbda8cf8f2a43d5092a88615c37e11cde,Downhill Paradise,,"[{'height': 900, 'html_attributions': ['<a href=""https://maps.google.com/maps/contrib/111593181293680939986"">A Google User</a>'], 'photo_reference': 'CmRaAAAA9xMGKjK8GVa-wb_YqnJCR64d4Nz6H2h1dQvCEe6NS5B7XxMRCZQUZ4VqhLivqQhkljo0s5t2ZN_IC2lHbVPmLSPsUZVnidS6d7mmEKnaiN9lf425LlqwRVY6mx1EoESXEhAotewhb-XZd11y124PjMAKGhTe-1VAdAC9g_1U3dUwfi60JroBvw', 'width': 1200}]",ChIJHRU7DC-v4TgR-Mfc0ghFYZU,"{'compound_code': '392W+CX Gulmarg, Jammu and Kashmir', 'global_code': '8J6P392W+CX'}",5.0,ChIJHRU7DC-v4TgR-Mfc0ghFYZU,"['tourist_attraction', 'point_of_interest', 'establishment']",1.0,,tourist_attraction
50,OPERATIONAL,"Haveli Azad Kashmir, Azad Jammu and Kashmir","{'location': {'lat': 33.9551481, 'lng': 74.0591391}, 'viewport': {'northeast': {'lat': 33.95698062989272, 'lng': 74.06086897989272}, 'southwest': {'lat': 33.95428097010728, 'lng': 74.05816932010727}}}",https://maps.gstatic.com/mapfiles/place_api/icons/generic_business-71.png,83b35993e635b29a4eb2e19e82c43c0d94324d53,Dara Haji Peer Valley,,"[{'height': 2268, 'html_attributions': ['<a href=""https://maps.google.com/maps/contrib/111046085833313706134"">Sadam Bukhari</a>'], 'photo_reference': 'CmRaAAAAZ3hH62z61VguDppLwAPhqi2ZK80eD6yAIjzV3zEUZQLJJLy5Fu_IYqmbu-c5OCld3VM9YPbSnaI-9neLrVK6bGVYXjhBA5_U5FNhyZqoHnX_vvDBsqPHQ0HCCkaw87NnEhB6Ul65ZydqeisWcrugv1amGhQHw1wSYnNT-eL3Tq_8Em6Fmb53Eg', 'width': 4032}]",ChIJc2UXHOFP4DgRU2KqKfCgivk,"{'compound_code': 'X345+3M Haveli Azad Kashmir', 'global_code': '8J5PX345+3M'}",0.0,ChIJc2UXHOFP4DgRU2KqKfCgivk,"['tourist_attraction', 'point_of_interest', 'establishment']",0.0,{'open_now': True},tourist_attraction
51,CLOSED_TEMPORARILY,"Baltal Amarnath Trek, Forest Block, Pahalgam, Jammu and Kashmir 192230","{'location': {'lat': 34.2156918, 'lng': 75.5041201}, 'viewport': {'northeast': {'lat': 34.21704162989273, 'lng': 75.50546992989271}, 'southwest': {'lat': 34.21434197010728, 'lng': 75.50277027010726}}}",https://maps.gstatic.com/mapfiles/place_api/icons/worship_hindu-71.png,208ec2b838946ec3e023eaf22c9c19d8f8a5ba14,Shri Amarnath Cave Temple,True,"[{'height': 1000, 'html_attributions': ['<a href=""https://maps.google.com/maps/contrib/103747820629420664696"">Raju Kumar</a>'], 'photo_reference': 'CmRaAAAAz2wmVJfd4PG0bjZwEcmVZ59q2jPQ3-HujnFJXG7lzG-iwMpo_hN-HMkRkd3te7R59K0akclgITdvXPK4lhsI3XiKEIgZnch95xJJ5TsW34W5oalJD8ZGiseXWuY36B-UEhD3GEMG3rYFjutuuwQgiVZeGhRJtzjvXqRFI2WXFGmgwUTqcur4HQ', 'width': 1600}]",ChIJVWcFlspP4jgRXlESWWJd0d8,"{'compound_code': '6G83+7J Pahalgam, Jammu and Kashmir', 'global_code': '8J6Q6G83+7J'}",4.5,ChIJVWcFlspP4jgRXlESWWJd0d8,"['hindu_temple', 'tourist_attraction', 'place_of_worship', 'point_of_interest', 'establishment']",6961.0,,tourist_attraction
52,CLOSED_TEMPORARILY,"unnamed Road, Sonamarg, Jammu and Kashmir 1191203","{'location': {'lat': 34.2941762, 'lng': 75.2682904}, 'viewport': {'northeast': {'lat': 34.29552602989272, 'lng': 75.26964022989272}, 'southwest': {'lat': 34.29282637010728, 'lng': 75.26694057010728}}}",https://maps.gstatic.com/mapfiles/place_api/icons/generic_business-71.png,10e45288577fccd216a20740e64c34aa9bd5fb92,Thajiwas Park,True,,ChIJibwsZn014jgRzvij2dmLBRc,"{'compound_code': '77V9+M8 Sonamarg, Jammu and Kashmir', 'global_code': '8J6Q77V9+M8'}",4.0,ChIJibwsZn014jgRzvij2dmLBRc,"['tourist_attraction', 'point_of_interest', 'establishment']",1.0,,tourist_attraction
53,CLOSED_TEMPORARILY,"Thara Uparla, Punjab 145001, India","{'location': {'lat': 32.4378111, 'lng': 75.754592}, 'viewport': {'northeast': {'lat': 32.43997544999999, 'lng': 75.75763984999999}, 'southwest': {'lat': 32.43708965, 'lng': 75.75357604999999}}}",https://maps.gstatic.com/mapfiles/place_api/icons/generic_business-71.png,536f6efc91993d9ef8839591891503c0b9105809,Tourist Huts at Ranjit Sagar Dam,True,"[{'height': 4032, 'html_attributions': ['<a href=""https://maps.google.com/maps/contrib/116415618367263535135"">  Amanjeet Singh</a>'], 'photo_reference': 'CmRaAAAAAtyMSF8zTZ2sLUDVzoAG95a5_MQjgWEdzy4HSD8H1mXabFCk7kuhRcoMVqqgG1XHjr_gEWCUGkfrMA1ykbOfKAtFsRbLV-YYcS9zPvtKLGZp9Hb00Q9qulgwanmIvpESEhAedlWzWhM0QC39JF0O_qQbGhTvPrHwODB7xcDIUXtxGGUbLMIJTw', 'width': 3024}]",ChIJnf39XQyIHDkRFAJayqDfW_0,"{'compound_code': 'CQQ3+4R Thara Uparla, Punjab', 'global_code': '8J4QCQQ3+4R'}",4.5,ChIJnf39XQyIHDkRFAJayqDfW_0,"['tourist_attraction', 'point_of_interest', 'establishment']",177.0,,tourist_attraction
54,OPERATIONAL,"Explore Thovina, Kargil, Jammu and Kashmir 194105","{'location': {'lat': 34.3567435, 'lng': 75.9735559}, 'viewport': {'northeast': {'lat': 34.35858567989273, 'lng': 75.97609990000001}, 'southwest': {'lat': 34.35588602010728, 'lng': 75.96592389999999}}}",https://maps.gstatic.com/mapfiles/place_api/icons/generic_business-71.png,98c29f8d3e51d9c0cc97f7f3c8d2626547bfc641,THOVINA,,"[{'height': 2939, 'html_attributions': ['<a href=""https://maps.google.com/maps/contrib/109309541722251751636"">A Google User</a>'], 'photo_reference': 'CmRaAAAAdFW7ROIC1VibDSu8ksvEJ57Ap4tI8eZ-GskbcI_78KVBYWxkD8V0NjVH6osmkQcahJESYzyqUGP8V-DnoymOPaNLeclX3gEqaL1aI8WWzQnaMjykMkwaaMBKvJa7xZWeEhDvk4KiN2rtpfBTH2JTjE8dGhR2p0rEHyjmOutS9kuS6tjFwTj-hw', 'width': 3456}]",ChIJBbQk-8Lj4jgRtJX8GG03BEk,"{'compound_code': '9X4F+MC Khachan, Jammu and Kashmir', 'global_code': '8J6Q9X4F+MC'}",3.8,ChIJBbQk-8Lj4jgRtJX8GG03BEk,"['tourist_attraction', 'point_of_interest', 'establishment']",10.0,,tourist_attraction
55,,"Chinar Bagh, Srinagar","{'location': {'lat': 34.0837602, 'lng': 74.8170822}, 'viewport': {'northeast': {'lat': 34.0915779, 'lng': 74.82821910000001}, 'southwest': {'lat': 34.07876, 'lng': 74.8112021}}}",https://maps.gstatic.com/mapfiles/place_api/icons/geocode-71.png,d4f2bbdcb516b2ba451908206a7a0a25c4f49645,Chinar Bagh,,"[{'height': 3240, 'html_attributions': ['<a href=""https://maps.google.com/maps/contrib/112863741226656609207"">Arya Ghosh</a>'], 'photo_reference': 'CmRaAAAAbiwiQOB9v7PNh9V3qLXldyoVOfGnGHKrTUkKYIe5QfJsDGPQusyord5hnMt73Ox5iwHxEy5wze40nGdbIwKmUybezPCpCCqS9-wyCgz2DbOfk_xqgeJZr3YT-YAunX9nEhAsyqMXeWht0aP7wZg80GGXGhQ6IDpbE13LOHUZn7SlPg4PMdNeUg', 'width': 4320}]",ChIJax0WL4SP4TgR4QABMxHi77E,,,ChIJax0WL4SP4TgR4QABMxHi77E,"['sublocality_level_1', 'sublocality', 'political']",,,tourist_attraction
56,CLOSED_TEMPORARILY,"Barzulla, 9906489897, Srinagar, Jammu and Kashmir 190005","{'location': {'lat': 34.0521832, 'lng': 74.79858349999999}, 'viewport': {'northeast': {'lat': 34.05344377989272, 'lng': 74.79994957989271}, 'southwest': {'lat': 34.05074412010727, 'lng': 74.79724992010728}}}",https://maps.gstatic.com/mapfiles/place_api/icons/generic_business-71.png,f5dd4d544fbc6c2ab7dac42e5ac760d27a02824c,Kashmir Valley Tours & Travels,True,"[{'height': 1361, 'html_attributions': ['<a href=""https://maps.google.com/maps/contrib/105332003157212217355"">A Google User</a>'], 'photo_reference': 'CmRaAAAAN4iK6PfIbJqONeiODhBKCoxWETpAxfCZHnf56jtfnRP2Bte1BMtSTNQAUPWTuHplGCpXcpFss0qX488wicTiZ5GtLEpJct9FUsyOZO-LX4jrc7p4qZWhaWNWACimN3T0EhCjv-_RW5I9GIuZ5rVXGGjQGhQOiGUi4v0aAfEHvLrQm7tt1iTnTA', 'width': 2048}]",ChIJrVzvjSyP4TgRNwY9qZsT0mE,"{'compound_code': '3Q2X+VC Srinagar, Jammu and Kashmir', 'global_code': '8J6P3Q2X+VC'}",0.0,ChIJrVzvjSyP4TgRNwY9qZsT0mE,"['tourist_attraction', 'travel_agency', 'point_of_interest', 'establishment']",0.0,,tourist_attraction
57,OPERATIONAL,"Chrar-i-Shareif Yousmarg Rd, Forest Block, 191112","{'location': {'lat': 33.8262472, 'lng': 74.6684125}, 'viewport': {'northeast': {'lat': 33.82819362989272, 'lng': 74.67001192989272}, 'southwest': {'lat': 33.82549397010728, 'lng': 74.66731227010727}}}",https://maps.gstatic.com/mapfiles/place_api/icons/generic_business-71.png,0f451949d66095533259c8ccf82e798d3a78f8bf,Yusmarg Lake,,"[{'height': 2304, 'html_attributions': ['<a href=""https://maps.google.com/maps/contrib/103406765003780094841"">Shabir Ah</a>'], 'photo_reference': 'CmRaAAAA6oMW1m9EjVEeuCBG2OmkUVacYM4fTurE-o0EhhF-trxShe60haMdBbZc53g59lIVrF3fQtmxgSwKB2uK8U0nVY51USNpDDRncdWzFHWkLoMCAKXAG1Jhnom0fEnDOQG6EhB6QB1jiakavUj4NqYySxtDGhT80tg6526C71T3d3wPL8NzgnH2Hg', 'width': 3456}]",ChIJjXuK9eXr4TgRIxHMgKLi5TI,"{'compound_code': 'RMG9+F9 Forest Block, Jammu and Kashmir', 'global_code': '8J5PRMG9+F9'}",4.4,ChIJjXuK9eXr4TgRIxHMgKLi5TI,"['tourist_attraction', 'point_of_interest', 'establishment']",5.0,,tourist_attraction
58,CLOSED_TEMPORARILY,"sankar road leh ladakh, Sankar Rd, Leh, Jammu and Kashmir 194101","{'location': {'lat': 34.17544090000001, 'lng': 77.58497779999999}, 'viewport': {'northeast': {'lat': 34.17686242989273, 'lng': 77.58638092989271}, 'southwest': {'lat': 34.17416277010729, 'lng': 77.58368127010726}}}",https://maps.gstatic.com/mapfiles/place_api/icons/generic_business-71.png,6b14fb180f9a7a4d1d07d54a0fa04e40d39fb3fe,Explore Ladakh,True,"[{'height': 2592, 'html_attributions': ['<a href=""https://maps.google.com/maps/contrib/101893493641296234585"">A Google User</a>'], 'photo_reference': 'CmRaAAAA0ixL1_dDhlSxP0HRlfc19cSdbYCBMkIS8HkC28m7jcNdTjGFCDimLW6dNzFnRn6BhC5rv7dAPL8tbXDxN3k_w3n-sLHcx6fUqsRkPl7v7ZudD0OvDfFFJGy7N2ix11aYEhC9M07SzFGcPinrlg5NStnyGhT5ThT63QbN7V_0p4JzW4Mn2asc8Q', 'width': 4608}]",ChIJLdeTCRjr_TgRTUG6OWAQ29Q,"{'compound_code': '5HGM+5X Leh, Jammu and Kashmir', 'global_code': '8J6V5HGM+5X'}",4.5,ChIJLdeTCRjr_TgRTUG6OWAQ29Q,"['tourist_attraction', 'point_of_interest', 'establishment']",101.0,,tourist_attraction
59,OPERATIONAL,"Srinagar International Airport, Humhama, Srinagar, Jammu and Kashmir 110003","{'location': {'lat': 34.0141306, 'lng': 74.77174289999999}, 'viewport': {'northeast': {'lat': 34.01540137989273, 'lng': 74.77330057989272}, 'southwest': {'lat': 34.01270172010728, 'lng': 74.77060092010728}}}",https://maps.gstatic.com/mapfiles/place_api/icons/shopping-71.png,3936b37d85f390b070e06c5f5364b211dfde3a53,"GoAir,SRINAGAR (SXR)",,,ChIJ_____-aR4TgRnPc_BC4QFQA,"{'compound_code': '2Q7C+MM Srinagar, Jammu and Kashmir', 'global_code': '8J6P2Q7C+MM'}",3.5,ChIJ_____-aR4TgRnPc_BC4QFQA,"['travel_agency', 'point_of_interest', 'establishment']",6.0,,tourist_attraction
